date,country_region,region,sub_region_2_code,symptom_Fever,symptom_Low_grade_fever,symptom_Cough,symptom_Sore_throat,symptom_Headache,symptom_Fatigue,symptom_Vomiting,symptom_Diarrhea,symptom_Shortness_of_breath,symptom_Chest_pain,symptom_Dizziness,symptom_Confusion,symptom_Generalized_tonic_clonic_seizure,symptom_Weakness
2020-01-01,United States,Michigan,26031,,,,,,,,,,,,,,
2020-01-02,United States,Michigan,26031,6.04,,,,,,,,,,,,,
2020-01-03,United States,Michigan,26031,,,,,,,,,,,,,,
2020-01-04,United States,Michigan,26031,6.74,,,,,,,,,,,,,
2020-01-05,United States,Michigan,26031,,,,,,,,,,,,,,
2020-01-06,United States,Michigan,26031,,,,,,,,,,,,,,
2020-01-07,United States,Michigan,26031,7.49,,,,,,,,,,,,,
2020-01-08,United States,Michigan,26031,,,,,,,,,,,,,,
2020-01-09,United States,Michigan,26031,,,,,,,,,,,,,,
2020-01-10,United States,Michigan,26031,,,,,,,,,,,,,,
2020-01-11,United States,Michigan,26031,,,,,,,,,,,,,,
2020-01-12,United States,Michigan,26031,,,,,,,,,,,,,,
2020-01-13,United States,Michigan,26031,5.1,,,,,,,,,,,,,
2020-01-14,United States,Michigan,26031,6.92,,,,,,,,,,,,,
2020-01-15,United States,Michigan,26031,8.18,,,,,,,,,,,,,
2020-01-16,United States,Michigan,26031,,,,,,,,,,,,,,
2020-01-17,United States,Michigan,26031,,,,,,,,,,,,,,
2020-01-18,United States,Michigan,26031,6.36,,,,,,,,,,,,,
2020-01-19,United States,Michigan,26031,,,,,,,,,,,,,,
2020-01-20,United States,Michigan,26031,,,,,,,,,,,,,,
2020-01-21,United States,Michigan,26031,,,,,,,,,,,,,,
2020-01-22,United States,Michigan,26031,,,,,,,,,,,,,,
2020-01-23,United States,Michigan,26031,,,,,,,,,,,,,,
2020-01-24,United States,Michigan,26031,,,,,,,,,,,,,,
2020-01-25,United States,Michigan,26031,7.12,,,,,,,,,,,,,
2020-01-26,United States,Michigan,26031,,,,,,,,,,,,,,
2020-01-27,United States,Michigan,26031,,,,,,,,,,,,,,
2020-01-28,United States,Michigan,26031,7.2,,,,,,,,,,,,,
2020-01-29,United States,Michigan,26031,,,,,,,,,,,,,,
2020-01-30,United States,Michigan,26031,6.74,,,,,,,,,,,,,
2020-01-31,United States,Michigan,26031,,,,,,,,,,,,,,
2020-02-01,United States,Michigan,26031,,,,,,,,,,,,,,
2020-02-02,United States,Michigan,26031,11.55,,,,,,,,,,,,,
2020-02-03,United States,Michigan,26031,,,,,,,,,,,,,,
2020-02-04,United States,Michigan,26031,,,,,,,,,,,,,,
2020-02-05,United States,Michigan,26031,,,,,,,,,,,,,,
2020-02-06,United States,Michigan,26031,7.18,,,,,,,,,,,,,
2020-02-07,United States,Michigan,26031,,,,,,,,,,,,,,
2020-02-08,United States,Michigan,26031,,,,,,,,,,,,,,
2020-02-09,United States,Michigan,26031,,,,,,,,,,,,,,
2020-02-10,United States,Michigan,26031,,,,,,,,,,,,,,
2020-02-11,United States,Michigan,26031,,,,,,,,,,,,,,
2020-02-12,United States,Michigan,26031,5.62,,,,,,,,,,,,,
2020-02-13,United States,Michigan,26031,,,,,,,,,,,,,,
2020-02-14,United States,Michigan,26031,,,,,,,,,,,,,,
2020-02-15,United States,Michigan,26031,,,,,,,,,,,,,,
2020-02-16,United States,Michigan,26031,7.39,,,,,,,,,,,,,
2020-02-17,United States,Michigan,26031,6.37,,,,,,,,,,,,,
2020-02-18,United States,Michigan,26031,,,,,,,,,,,,,,
2020-02-19,United States,Michigan,26031,,,,,,,,,,,,,,
2020-02-20,United States,Michigan,26031,,,,,,,,,,,,,,
2020-02-21,United States,Michigan,26031,,,,,,,,,,,,,,
2020-02-22,United States,Michigan,26031,,,,,,,,,,,,,,
2020-02-23,United States,Michigan,26031,,,,,,,,,,,,,,
2020-02-24,United States,Michigan,26031,,,,,,,,,,,,,,
2020-02-25,United States,Michigan,26031,,,,,,,,,,,,,,
2020-02-26,United States,Michigan,26031,,,,,,,,,,,,,,
2020-02-27,United States,Michigan,26031,,,,,,,,,,,,,,
2020-02-28,United States,Michigan,26031,,,,,,,,,,,,,,
2020-02-29,United States,Michigan,26031,11.12,,,,,,,,,,,,,
2020-03-01,United States,Michigan,26031,,,,,,,,,,,,,,
2020-03-02,United States,Michigan,26031,,,,,,,,,,,,,,
2020-03-03,United States,Michigan,26031,,,,,,,,,,,,,,
2020-03-04,United States,Michigan,26031,,,,,,,,,,,,,,
2020-03-05,United States,Michigan,26031,,,,,,,,,,,,,,
2020-03-06,United States,Michigan,26031,,,,,,,,,,,,,,
2020-03-07,United States,Michigan,26031,,,,,,,,,,,,,,
2020-03-08,United States,Michigan,26031,,,,,,,,,,,,,,
2020-03-09,United States,Michigan,26031,7.3,,,,,,,,,,,,,
2020-03-10,United States,Michigan,26031,5.98,,,,,,,,,,,,,
2020-03-11,United States,Michigan,26031,6.44,,,,,,,,,,,,,
2020-03-12,United States,Michigan,26031,9.68,,,,,,,,,,,,,
2020-03-13,United States,Michigan,26031,12.3,,,,,,,,,,,,,
2020-03-14,United States,Michigan,26031,10.78,,,,,,,,,,,,,
2020-03-15,United States,Michigan,26031,13.27,,,,,,,,,,,,,
2020-03-16,United States,Michigan,26031,18.66,,,,,,,,,,,,,
2020-03-17,United States,Michigan,26031,18.99,,,,,,,,,,,,,
2020-03-18,United States,Michigan,26031,27.08,,,,,,,,,,,,,
2020-03-19,United States,Michigan,26031,19.74,,,,,,,,,,,,,
2020-03-20,United States,Michigan,26031,15.73,,,,,,,,,,,,,
2020-03-21,United States,Michigan,26031,12.7,,,,,,,,,,,,,
2020-03-22,United States,Michigan,26031,12.58,,,,,,,,,,,,,
2020-03-23,United States,Michigan,26031,8.39,,,,,,,,,,,,,
2020-03-24,United States,Michigan,26031,9.71,,,,,,,,,,,,,
2020-03-25,United States,Michigan,26031,9.62,,,,,,,,,,,,,
2020-03-26,United States,Michigan,26031,10.73,,,,,,,,,,,,,
2020-03-27,United States,Michigan,26031,9.68,,,,,,,,,,,,,
2020-03-28,United States,Michigan,26031,7.85,,,,,,,,,,,,,
2020-03-29,United States,Michigan,26031,6.73,,,,,,,,,,,,,
2020-03-30,United States,Michigan,26031,9.61,,,,,,,,,,,,,
2020-03-31,United States,Michigan,26031,7.35,,,,,,,,,,,,,
2020-04-01,United States,Michigan,26031,9.84,,,,,,,,,,,,,
2020-04-02,United States,Michigan,26031,11.63,,,,,,,,,,,,,
2020-04-03,United States,Michigan,26031,7.26,,,,,,,,,,,,,
2020-04-04,United States,Michigan,26031,8.15,,,,,,,,,,,,,
2020-04-05,United States,Michigan,26031,7.41,,,,,,,,,,,,,
2020-04-06,United States,Michigan,26031,13.57,,,,,,,,,,,,,
2020-04-07,United States,Michigan,26031,8.4,,,,,,,,,,,,,
2020-04-08,United States,Michigan,26031,6.67,,,,,,,,,,,,,
2020-04-09,United States,Michigan,26031,7.04,,,,,,,,,,,,,
2020-04-10,United States,Michigan,26031,7.18,,,,,,,,,,,,,
2020-04-11,United States,Michigan,26031,,,,,,,,,,,,,,
2020-04-12,United States,Michigan,26031,4.85,,,,,,,,,,,,,
2020-04-13,United States,Michigan,26031,5.48,,,,,,,,,,,,,
2020-04-14,United States,Michigan,26031,,,,,,,,,,,,,,
2020-04-15,United States,Michigan,26031,5.82,,,,,,,,,,,,,
2020-04-16,United States,Michigan,26031,5.99,,,,,,,,,,,,,
2020-04-17,United States,Michigan,26031,6.24,,,,,,,,,,,,,
2020-04-18,United States,Michigan,26031,,,,,,,,,,,,,,
2020-04-19,United States,Michigan,26031,,,,,,,,,,,,,,
2020-04-20,United States,Michigan,26031,6.52,,,,,,,,,,,,,
2020-04-21,United States,Michigan,26031,,,,,,,,,,,,,,
2020-04-22,United States,Michigan,26031,,,,,,,,,,,,,,
2020-04-23,United States,Michigan,26031,,,,,,,,,,,,,,
2020-04-24,United States,Michigan,26031,,,,,,,,,,,,,,
2020-04-25,United States,Michigan,26031,,,,,,,,,,,,,,
2020-04-26,United States,Michigan,26031,,,,,,,,,,,,,,
2020-04-27,United States,Michigan,26031,,,,,,,,,,,,,,
2020-04-28,United States,Michigan,26031,6.33,,,,,,,,,,,,,
2020-04-29,United States,Michigan,26031,5.66,,,,,,,,,,,,,
2020-04-30,United States,Michigan,26031,,,,,,,,,,,,,,
2020-05-01,United States,Michigan,26031,5.95,,,,,,,,,,,,,
2020-05-02,United States,Michigan,26031,,,,,,,,,,,,,,
2020-05-03,United States,Michigan,26031,,,,,,,,,,,,,,
2020-05-04,United States,Michigan,26031,,,,,,,,,,,,,,
2020-05-05,United States,Michigan,26031,7.4,,,,,,,,,,,,,
2020-05-06,United States,Michigan,26031,,,,,,,,,,,,,,
2020-05-07,United States,Michigan,26031,4.96,,,,,,,,,,,,,
2020-05-08,United States,Michigan,26031,6.62,,,,,,,,,,,,,
2020-05-09,United States,Michigan,26031,,,,,,,,,,,,,,
2020-05-10,United States,Michigan,26031,,,,,,,,,,,,,,
2020-05-11,United States,Michigan,26031,7.13,,,,,,,,,,,,,
2020-05-12,United States,Michigan,26031,7.63,,,,,,,,,,,,,
2020-05-13,United States,Michigan,26031,5.5,,,,,,,,,,,,,
2020-05-14,United States,Michigan,26031,10.26,,,,,,,,,,,,,
2020-05-15,United States,Michigan,26031,5.98,,,,,,,,,,,,,
2020-05-16,United States,Michigan,26031,,,,,,,,,,,,,,
2020-05-17,United States,Michigan,26031,,,,,,,,,,,,,,
2020-05-18,United States,Michigan,26031,4.01,,,,,,,,,,,,,
2020-05-19,United States,Michigan,26031,,,,,,,,,,,,,,
2020-05-20,United States,Michigan,26031,,,,,,,,,,,,,,
2020-05-21,United States,Michigan,26031,5.04,,,,,,,,,,,,,
2020-05-22,United States,Michigan,26031,5.06,,,,,,,,,,,,,
2020-05-23,United States,Michigan,26031,,,,,,,,,,,,,,
2020-05-24,United States,Michigan,26031,4.42,,,,,,,,,,,,,
2020-05-25,United States,Michigan,26031,3.85,,,,,,,,,,,,,
2020-05-26,United States,Michigan,26031,,,,,,,,,,,,,,
2020-05-27,United States,Michigan,26031,,,,,,,,,,,,,,
2020-05-28,United States,Michigan,26031,4.17,,,,,,,,,,,,,
2020-05-29,United States,Michigan,26031,,,,,,,,,,,,,,
2020-05-30,United States,Michigan,26031,,,,,,,,,,,,,,
2020-05-31,United States,Michigan,26031,,,,,,,,,,,,,,
2020-06-01,United States,Michigan,26031,,,,,,,,,,,,,,
2020-06-02,United States,Michigan,26031,4.7,,,,,,,,,,,,,
2020-06-03,United States,Michigan,26031,,,,,,,,,,,,,,
2020-06-04,United States,Michigan,26031,,,,,,,,,,,,,,
2020-06-05,United States,Michigan,26031,4.36,,,,,,,,,,,,,
2020-06-06,United States,Michigan,26031,,,,,,,,,,,,,,
2020-06-07,United States,Michigan,26031,3.94,,,,,,,,,,,,,
2020-06-08,United States,Michigan,26031,,,,,,,,,,,,,,
2020-06-09,United States,Michigan,26031,,,,,,,,,,,,,,
2020-06-10,United States,Michigan,26031,,,,,,,,,,,,,,
2020-06-11,United States,Michigan,26031,,,,,,,,,,,,,,
2020-06-12,United States,Michigan,26031,,,,,,,,,,,,,,
2020-06-13,United States,Michigan,26031,4.61,,,,,,,,,,,,,
2020-06-14,United States,Michigan,26031,4.58,,,,,,,,,,,,,
2020-06-15,United States,Michigan,26031,,,,,,,,,,,,,,
2020-06-16,United States,Michigan,26031,,,,,,,,,,,,,,
2020-06-17,United States,Michigan,26031,,,,,,,,,,,,,,
2020-06-18,United States,Michigan,26031,,,,,,,,,,,,,,
2020-06-19,United States,Michigan,26031,,,,,,,,,,,,,,
2020-06-20,United States,Michigan,26031,5.54,,,,,,,,,,,,,
2020-06-21,United States,Michigan,26031,,,,,,,,,,,,,,
2020-06-22,United States,Michigan,26031,,,,,,,,,,,,,,
2020-06-23,United States,Michigan,26031,,,,,,,,,,,,,,
2020-06-24,United States,Michigan,26031,,,,,,,,,,,,,,
2020-06-25,United States,Michigan,26031,,,,,,,,,,,,,,
2020-06-26,United States,Michigan,26031,,,,,,,,,,,,,,
2020-06-27,United States,Michigan,26031,5.92,,,,,,,,,,,,,
2020-06-28,United States,Michigan,26031,3.49,,,,,,,,,,,,,
2020-06-29,United States,Michigan,26031,,,,,,,,,,,,,,
2020-06-30,United States,Michigan,26031,3.43,,,,,,,,,,,,,
2020-07-01,United States,Michigan,26031,,,,,,,,,,,,,,
2020-07-02,United States,Michigan,26031,6.17,,,,,,,,,,,,,
2020-07-03,United States,Michigan,26031,3.77,,,,,,,,,,,,,
2020-07-04,United States,Michigan,26031,3.75,,,,,,,,,,,,,
2020-07-05,United States,Michigan,26031,3.4,,,,,,,,,,,,,
2020-07-06,United States,Michigan,26031,,,,,,,,,,,,,,
2020-07-07,United States,Michigan,26031,,,,,,,,,,,,,,
2020-07-08,United States,Michigan,26031,3.9,,,,,,,,,,,,,
2020-07-09,United States,Michigan,26031,3.94,,,,,,,,,,,,,
2020-07-10,United States,Michigan,26031,4.4,,,,,,,,,,,,,
2020-07-11,United States,Michigan,26031,,,,,,,,,,,,,,
2020-07-12,United States,Michigan,26031,5.82,,,,,,,,,,,,,
2020-07-13,United States,Michigan,26031,,,,,,,,,,,,,,
2020-07-14,United States,Michigan,26031,,,,,,,,,,,,,,
2020-07-15,United States,Michigan,26031,4.37,,,,,,,,,,,,,
2020-07-16,United States,Michigan,26031,,,,,,,,,,,,,,
2020-07-17,United States,Michigan,26031,,,,,,,,,,,,,,
2020-07-18,United States,Michigan,26031,3.4,,,,,,,,,,,,,
2020-07-19,United States,Michigan,26031,4.29,,,,,,,,,,,,,
2020-07-20,United States,Michigan,26031,,,,,,,,,,,,,,
2020-07-21,United States,Michigan,26031,,,,,,,,,,,,,,
2020-07-22,United States,Michigan,26031,,,,,,,,,,,,,,
2020-07-23,United States,Michigan,26031,4.72,,,,,,,,,,,,,
2020-07-24,United States,Michigan,26031,3.8,,,,,,,,,,,,,
2020-07-25,United States,Michigan,26031,,,,,,,,,,,,,,
2020-07-26,United States,Michigan,26031,,,,,,,,,,,,,,
2020-07-27,United States,Michigan,26031,,,,,,,,,,,,,,
2020-07-28,United States,Michigan,26031,3.99,,,,,,,,,,,,,
2020-07-29,United States,Michigan,26031,3.85,,,,,,,,,,,,,
2020-07-30,United States,Michigan,26031,,,,,,,,,,,,,,
2020-07-31,United States,Michigan,26031,4.93,,,,,,,,,,,,,
2020-08-01,United States,Michigan,26031,,,,,,,,,,,,,,
2020-08-02,United States,Michigan,26031,,,,,,,,,,,,,,
2020-08-03,United States,Michigan,26031,5.89,,,,,,,,,,,,,
2020-08-04,United States,Michigan,26031,,,,,,,,,,,,,,
2020-08-05,United States,Michigan,26031,,,,,,,,,,,,,,
2020-08-06,United States,Michigan,26031,,,,,,,,,,,,,,
2020-08-07,United States,Michigan,26031,,,,,,,,,,,,,,
2020-08-08,United States,Michigan,26031,,,,,,,,,,,,,,
2020-08-09,United States,Michigan,26031,3.42,,,,,,,,,,,,,
2020-08-10,United States,Michigan,26031,,,,,,,,,,,,,,
2020-08-11,United States,Michigan,26031,5.34,,,,,,,,,,,,,
2020-08-12,United States,Michigan,26031,,,,,,,,,,,,,,
2020-08-13,United States,Michigan,26031,,,,,,,,,,,,,,
2020-08-14,United States,Michigan,26031,,,,,,,,,,,,,,
2020-08-15,United States,Michigan,26031,,,,,,,,,,,,,,
2020-08-16,United States,Michigan,26031,,,,,,,,,,,,,,
2020-08-17,United States,Michigan,26031,,,,,,,,,,,,,,
2020-08-18,United States,Michigan,26031,3.57,,,,,,,,,,,,,
2020-08-19,United States,Michigan,26031,,,,,,,,,,,,,,
2020-08-20,United States,Michigan,26031,,,,,,,,,,,,,,
2020-08-21,United States,Michigan,26031,,,,,,,,,,,,,,
2020-08-22,United States,Michigan,26031,,,,,,,,,,,,,,
2020-08-23,United States,Michigan,26031,,,,,,,,,,,,,,
2020-08-24,United States,Michigan,26031,3.9,,,,,,,,,,,,,
2020-08-25,United States,Michigan,26031,,,,,,,,,,,,,,
2020-08-26,United States,Michigan,26031,,,,,,,,,,,,,,
2020-08-27,United States,Michigan,26031,,,,,,,,,,,,,,
2020-08-28,United States,Michigan,26031,,,,,,,,,,,,,,
2020-08-29,United States,Michigan,26031,3.76,,,,,,,,,,,,,
2020-08-30,United States,Michigan,26031,6.65,,,,,,,,,,,,,
2020-08-31,United States,Michigan,26031,4.14,,,,,,,,,,,,,
2020-09-01,United States,Michigan,26031,,,,,,,,,,,,,,
2020-09-02,United States,Michigan,26031,,,,,,,,,,,,,,
2020-09-03,United States,Michigan,26031,3.81,,,,,,,,,,,,,
2020-09-04,United States,Michigan,26031,,,,,,,,,,,,,,
2020-09-05,United States,Michigan,26031,,,,,,,,,,,,,,
2020-09-06,United States,Michigan,26031,,,,,,,,,,,,,,
2020-09-07,United States,Michigan,26031,4.73,,,,,,,,,,,,,
2020-09-08,United States,Michigan,26031,4.27,,,,,,,,,,,,,
2020-09-09,United States,Michigan,26031,4.1,,,,,,,,,,,,,
2020-09-10,United States,Michigan,26031,3.64,,,,,,,,,,,,,
2020-09-11,United States,Michigan,26031,,,,,,,,,,,,,,
2020-09-12,United States,Michigan,26031,3.68,,,,,,,,,,,,,
2020-09-13,United States,Michigan,26031,3.63,,,,,,,,,,,,,
2020-09-14,United States,Michigan,26031,,,,,,,,,,,,,,
2020-09-15,United States,Michigan,26031,3.72,,,,,,,,,,,,,
2020-09-16,United States,Michigan,26031,,,,,,,,,,,,,,
2020-09-17,United States,Michigan,26031,,,,,,,,,,,,,,
2020-09-18,United States,Michigan,26031,,,,,,,,,,,,,,
2020-09-19,United States,Michigan,26031,,,,,,,,,,,,,,
2020-09-20,United States,Michigan,26031,,,,,,,,,,,,,,
2020-09-21,United States,Michigan,26031,4.22,,,,,,,,,,,,,
2020-09-22,United States,Michigan,26031,6.03,,,,,,,,,,,,,
2020-09-23,United States,Michigan,26031,,,,,,,,,,,,,,
2020-09-24,United States,Michigan,26031,,,,,,,,,,,,,,
2020-09-25,United States,Michigan,26031,,,,,,,,,,,,,,
2020-09-26,United States,Michigan,26031,,,,,,,,,,,,,,
2020-09-27,United States,Michigan,26031,3.93,,,,,,,,,,,,,
2020-09-28,United States,Michigan,26031,,,,,,,,,,,,,,
2020-09-29,United States,Michigan,26031,,,,,,,,,,,,,,
2020-09-30,United States,Michigan,26031,4.4,,,,,,,,,,,,,
2020-10-01,United States,Michigan,26031,4.08,,,,,,,,,,,,,
2020-10-02,United States,Michigan,26031,6.26,,,,,,,,,,,,,
2020-10-03,United States,Michigan,26031,,,,,,,,,,,,,,
2020-10-04,United States,Michigan,26031,,,,,,,,,,,,,,
2020-10-05,United States,Michigan,26031,5.05,,,,,,,,,,,,,
2020-10-06,United States,Michigan,26031,,,,,,,,,,,,,,
2020-10-07,United States,Michigan,26031,,,,,,,,,,,,,,
2020-10-08,United States,Michigan,26031,,,,,,,,,,,,,,
2020-10-09,United States,Michigan,26031,,,,,,,,,,,,,,
2020-10-10,United States,Michigan,26031,,,,,,,,,,,,,,
2020-10-11,United States,Michigan,26031,,,,,,,,,,,,,,
2020-10-12,United States,Michigan,26031,,,,,,,,,,,,,,
2020-10-13,United States,Michigan,26031,,,,,,,,,,,,,,
2020-10-14,United States,Michigan,26031,,,,,,,,,,,,,,
2020-10-15,United States,Michigan,26031,,,,,,,,,,,,,,
2020-10-16,United States,Michigan,26031,,,,,,,,,,,,,,
2020-10-17,United States,Michigan,26031,,,,,,,,,,,,,,
2020-10-18,United States,Michigan,26031,,,,,,,,,,,,,,
2020-10-19,United States,Michigan,26031,4.7,,,,,,,,,,,,,
2020-10-20,United States,Michigan,26031,,,,,,,,,,,,,,
2020-10-21,United States,Michigan,26031,4.67,,,,,,,,,,,,,
2020-10-22,United States,Michigan,26031,,,,,,,,,,,,,,
2020-10-23,United States,Michigan,26031,,,,,,,,,,,,,,
2020-10-24,United States,Michigan,26031,4.93,,,,,,,,,,,,,
2020-10-25,United States,Michigan,26031,4.65,,,,,,,,,,,,,
2020-10-26,United States,Michigan,26031,,,,,,,,,,,,,,
2020-10-27,United States,Michigan,26031,5.5,,,,,,,,,,,,,
2020-10-28,United States,Michigan,26031,,,,,,,,,,,,,,
2020-10-29,United States,Michigan,26031,,,,,,,,,,,,,,
2020-10-30,United States,Michigan,26031,,,,,,,,,,,,,,
2020-10-31,United States,Michigan,26031,,,,,,,,,,,,,,
2020-11-01,United States,Michigan,26031,,,,,,,,,,,,,,
2020-11-02,United States,Michigan,26031,,,,,,,,,,,,,,
2020-11-03,United States,Michigan,26031,,,,,,,,,,,,,,
2020-11-04,United States,Michigan,26031,,,,,,,,,,,,,,
2020-11-05,United States,Michigan,26031,,,,,,,,,,,,,,
2020-11-06,United States,Michigan,26031,5.67,,,,,,,,,,,,,
2020-11-07,United States,Michigan,26031,,,,,,,,,,,,,,
2020-11-08,United States,Michigan,26031,,,,,,,,,,,,,,
2020-11-09,United States,Michigan,26031,4.32,,,,,,,,,,,,,
2020-11-10,United States,Michigan,26031,4.5,,,,,,,,,,,,,
2020-11-11,United States,Michigan,26031,,,,,,,,,,,,,,
2020-11-12,United States,Michigan,26031,6.2,,,,,,,,,,,,,
2020-11-13,United States,Michigan,26031,,,,,,,,,,,,,,
2020-11-14,United States,Michigan,26031,,,,,,,,,,,,,,
2020-11-15,United States,Michigan,26031,,,,,,,,,,,,,,
2020-11-16,United States,Michigan,26031,,,,,,,,,,,,,,
2020-11-17,United States,Michigan,26031,,,,,,,,,,,,,,
2020-11-18,United States,Michigan,26031,,,,,,,,,,,,,,
2020-11-19,United States,Michigan,26031,5.43,,,,,,,,,,,,,
2020-11-20,United States,Michigan,26031,5.41,,,,,,,,,,,,,
2020-11-21,United States,Michigan,26031,,,,,,,,,,,,,,
2020-11-22,United States,Michigan,26031,5.91,,,,,,,,,,,,,
2020-11-23,United States,Michigan,26031,,,,,,,,,,,,,,
2020-11-24,United States,Michigan,26031,,,,,,,,,,,,,,
2020-11-25,United States,Michigan,26031,,,,,,,,,,,,,,
2020-11-26,United States,Michigan,26031,,,,,,,,,,,,,,
2020-11-27,United States,Michigan,26031,,,,,,,,,,,,,,
2020-11-28,United States,Michigan,26031,,,,,,,,,,,,,,
2020-11-29,United States,Michigan,26031,,,,,,,,,,,,,,
2020-11-30,United States,Michigan,26031,,,,,,,,,,,,,,
2020-12-01,United States,Michigan,26031,,,,,,,,,,,,,,
2020-12-02,United States,Michigan,26031,,,,,,,,,,,,,,
2020-12-03,United States,Michigan,26031,,,,,,,,,,,,,,
2020-12-04,United States,Michigan,26031,,,,,,,,,,,,,,
2020-12-05,United States,Michigan,26031,,,,,,,,,,,,,,
2020-12-06,United States,Michigan,26031,,,,,,,,,,,,,,
2020-12-07,United States,Michigan,26031,4.58,,,,,,,,,,,,,
2020-12-08,United States,Michigan,26031,5.25,,,,,,,,,,,,,
2020-12-09,United States,Michigan,26031,,,,,,,,,,,,,,
2020-12-10,United States,Michigan,26031,,,,,,,,,,,,,,
2020-12-11,United States,Michigan,26031,,,,,,,,,,,,,,
2020-12-12,United States,Michigan,26031,4.82,,,,,,,,,,,,,
2020-12-13,United States,Michigan,26031,,,,,,,,,,,,,,
2020-12-14,United States,Michigan,26031,,,,,,,,,,,,,,
2020-12-15,United States,Michigan,26031,,,,,,,,,,,,,,
2020-12-16,United States,Michigan,26031,,,,,,,,,,,,,,
2020-12-17,United States,Michigan,26031,,,,,,,,,,,,,,
2020-12-18,United States,Michigan,26031,,,,,,,,,,,,,,
2020-12-19,United States,Michigan,26031,,,,,,,,,,,,,,
2020-12-20,United States,Michigan,26031,,,,,,,,,,,,,,
2020-12-21,United States,Michigan,26031,,,,,,,,,,,,,,
2020-12-22,United States,Michigan,26031,,,,,,,,,,,,,,
2020-12-23,United States,Michigan,26031,,,,,,,,,,,,,,
2020-12-24,United States,Michigan,26031,,,,,,,,,,,,,,
2020-12-25,United States,Michigan,26031,,,,,,,,,,,,,,
2020-12-26,United States,Michigan,26031,,,,,,,,,,,,,,
2020-12-27,United States,Michigan,26031,,,,,,,,,,,,,,
2020-12-28,United States,Michigan,26031,,,,,,,,,,,,,,
2020-12-29,United States,Michigan,26031,,,,,,,,,,,,,,
2020-12-30,United States,Michigan,26031,,,,,,,,,,,,,,
2020-12-31,United States,Michigan,26031,,,,,,,,,,,,,,
2021-01-01,United States,Michigan,26031,,,,,,,,,,,,,,
2021-01-02,United States,Michigan,26031,,,,,,,,,,,,,,
2021-01-03,United States,Michigan,26031,,,,,,,,,,,,,,
2021-01-04,United States,Michigan,26031,,,,,,,,,,,,,,
2021-01-05,United States,Michigan,26031,,,,,,,,,,,,,,
2021-01-06,United States,Michigan,26031,,,,,,,,,,,,,,
2021-01-07,United States,Michigan,26031,4.37,,,,,,,,,,,,,
2021-01-08,United States,Michigan,26031,,,,,,,,,,,,,,
2021-01-09,United States,Michigan,26031,,,,,,,,,,,,,,
2021-01-10,United States,Michigan,26031,,,,,,,,,,,,,,
2021-01-11,United States,Michigan,26031,,,,,,,,,,,,,,
2021-01-12,United States,Michigan,26031,,,,,,,,,,,,,,
2021-01-13,United States,Michigan,26031,,,,,,,,,,,,,,
2021-01-14,United States,Michigan,26031,,,,,,,,,,,,,,
2021-01-15,United States,Michigan,26031,,,,,,,,,,,,,,
2021-01-16,United States,Michigan,26031,,,,,,,,,,,,,,
2021-01-17,United States,Michigan,26031,,,,,,,,,,,,,,
2021-01-18,United States,Michigan,26031,,,,,,,,,,,,,,
2021-01-19,United States,Michigan,26031,,,,,,,,,,,,,,
2021-01-20,United States,Michigan,26031,,,,,,,,,,,,,,
2021-01-21,United States,Michigan,26031,,,,,,,,,,,,,,
2021-01-22,United States,Michigan,26031,,,,,,,,,,,,,,
2021-01-23,United States,Michigan,26031,,,,,,,,,,,,,,
2021-01-24,United States,Michigan,26031,,,,,,,,,,,,,,
2021-01-25,United States,Michigan,26031,,,,,,,,,,,,,,
2021-01-26,United States,Michigan,26031,,,,,,,,,,,,,,
2021-01-27,United States,Michigan,26031,,,,,,,,,,,,,,
2021-01-28,United States,Michigan,26031,,,,,,,,,,,,,,
2021-01-29,United States,Michigan,26031,,,,,,,,,,,,,,
2021-01-30,United States,Michigan,26031,,,,,,,,,,,,,,
2021-01-31,United States,Michigan,26031,,,,,,,,,,,,,,
2021-02-01,United States,Michigan,26031,6.53,,,,,,,,,,,,,
2021-02-02,United States,Michigan,26031,,,,,,,,,,,,,,
2021-02-03,United States,Michigan,26031,,,,,,,,,,,,,,
2021-02-04,United States,Michigan,26031,,,,,,,,,,,,,,
2021-02-05,United States,Michigan,26031,,,,,,,,,,,,,,
2021-02-06,United States,Michigan,26031,6.45,,,,,,,,,,,,,
2021-02-07,United States,Michigan,26031,8.95,,,,,,,,,,,,,
2021-02-08,United States,Michigan,26031,5.35,,,,,,,,,,,,,
2021-02-09,United States,Michigan,26031,,,,,,,,,,,,,,
2021-02-10,United States,Michigan,26031,4.97,,,,,,,,,,,,,
2021-02-11,United States,Michigan,26031,4.8,,,,,,,,,,,,,
2021-02-12,United States,Michigan,26031,,,,,,,,,,,,,,
2021-02-13,United States,Michigan,26031,,,,,,,,,,,,,,
2021-02-14,United States,Michigan,26031,,,,,,,,,,,,,,
2021-02-15,United States,Michigan,26031,,,,,,,,,,,,,,
2021-02-16,United States,Michigan,26031,,,,,,,,,,,,,,
2021-02-17,United States,Michigan,26031,,,,,,,,,,,,,,
2021-02-18,United States,Michigan,26031,,,,,,,,,,,,,,
2021-02-19,United States,Michigan,26031,,,,,,,,,,,,,,
2021-02-20,United States,Michigan,26031,,,,,,,,,,,,,,
2021-02-21,United States,Michigan,26031,,,,,,,,,,,,,,
2021-02-22,United States,Michigan,26031,,,,,,,,,,,,,,
2021-02-23,United States,Michigan,26031,4.51,,,,,,,,,,,,,
2021-02-24,United States,Michigan,26031,,,,,,,,,,,,,,
2021-02-25,United States,Michigan,26031,,,,,,,,,,,,,,
2021-02-26,United States,Michigan,26031,,,,,,,,,,,,,,
2021-02-27,United States,Michigan,26031,,,,,,,,,,,,,,
2021-02-28,United States,Michigan,26031,,,,,,,,,,,,,,
2021-03-01,United States,Michigan,26031,,,,,,,,,,,,,,
2021-03-02,United States,Michigan,26031,,,,,,,,,,,,,,
2021-03-03,United States,Michigan,26031,,,,,,,,,,,,,,
2021-03-04,United States,Michigan,26031,,,,,,,,,,,,,,
2021-03-05,United States,Michigan,26031,,,,,,,,,,,,,,
2021-03-06,United States,Michigan,26031,,,,,,,,,,,,,,
2021-03-07,United States,Michigan,26031,,,,,,,,,,,,,,
2021-03-08,United States,Michigan,26031,,,,,,,,,,,,,,
2021-03-09,United States,Michigan,26031,,,,,,,,,,,,,,
2021-03-10,United States,Michigan,26031,,,,,,,,,,,,,,
2021-03-11,United States,Michigan,26031,,,,,,,,,,,,,,
2021-03-12,United States,Michigan,26031,,,,,,,,,,,,,,
2021-03-13,United States,Michigan,26031,,,,,,,,,,,,,,
2021-03-14,United States,Michigan,26031,,,,,,,,,,,,,,
2021-03-15,United States,Michigan,26031,,,,,,,,,,,,,,
2021-03-16,United States,Michigan,26031,,,,,,,,,,,,,,
2021-03-17,United States,Michigan,26031,,,,,,,,,,,,,,
2021-03-18,United States,Michigan,26031,,,,,,,,,,,,,,
2021-03-19,United States,Michigan,26031,,,,,,,,,,,,,,
2021-03-20,United States,Michigan,26031,,,,,,,,,,,,,,
2021-03-21,United States,Michigan,26031,,,,,,,,,,,,,,
2021-03-22,United States,Michigan,26031,,,,,,,,,,,,,,
2021-03-23,United States,Michigan,26031,,,,,,,,,,,,,,
2021-03-24,United States,Michigan,26031,,,,,,,,,,,,,,
2021-03-25,United States,Michigan,26031,,,,,,,,,,,,,,
2021-03-26,United States,Michigan,26031,,,,,,,,,,,,,,
2021-03-27,United States,Michigan,26031,,,,,,,,,,,,,,
2021-03-28,United States,Michigan,26031,,,,,,,,,,,,,,
2021-03-29,United States,Michigan,26031,,,,,,,,,,,,,,
2021-03-30,United States,Michigan,26031,,,,,,,,,,,,,,
2021-03-31,United States,Michigan,26031,6.42,,,,,,,,,,,,,
2021-04-01,United States,Michigan,26031,,,,,,,,,,,,,,
2021-04-02,United States,Michigan,26031,,,,,,,,,,,,,,
2021-04-03,United States,Michigan,26031,,,,,,,,,,,,,,
2021-04-04,United States,Michigan,26031,,,,,,,,,,,,,,
2021-04-05,United States,Michigan,26031,,,,,,,,,,,,,,
2021-04-06,United States,Michigan,26031,,,,,,,,,,,,,,
2021-04-07,United States,Michigan,26031,,,,,,,,,,,,,,
2021-04-08,United States,Michigan,26031,,,,,,,,,,,,,,
2021-04-09,United States,Michigan,26031,4.64,,,,,,,,,,,,,
2021-04-10,United States,Michigan,26031,8.43,,,,,,,,,,,,,
2021-04-11,United States,Michigan,26031,,,,,,,,,,,,,,
2021-04-12,United States,Michigan,26031,,,,,,,,,,,,,,
2021-04-13,United States,Michigan,26031,,,,,,,,,,,,,,
2021-04-14,United States,Michigan,26031,,,,,,,,,,,,,,
2021-04-15,United States,Michigan,26031,5.19,,,,,,,,,,,,,
2021-04-16,United States,Michigan,26031,,,,,,,,,,,,,,
2021-04-17,United States,Michigan,26031,,,,,,,,,,,,,,
2021-04-18,United States,Michigan,26031,,,,,,,,,,,,,,
2021-04-19,United States,Michigan,26031,,,,,,,,,,,,,,
2021-04-20,United States,Michigan,26031,,,,,,,,,,,,,,
2021-04-21,United States,Michigan,26031,,,,,,,,,,,,,,
2021-04-22,United States,Michigan,26031,5.11,,,,,,,,,,,,,
2021-04-23,United States,Michigan,26031,,,,,,,,,,,,,,
2021-04-24,United States,Michigan,26031,,,,,,,,,,,,,,
2021-04-25,United States,Michigan,26031,,,,,,,,,,,,,,
2021-04-26,United States,Michigan,26031,,,,,,,,,,,,,,
2021-04-27,United States,Michigan,26031,,,,,,,,,,,,,,
2021-04-28,United States,Michigan,26031,,,,,,,,,,,,,,
2021-04-29,United States,Michigan,26031,,,,,,,,,,,,,,
2021-04-30,United States,Michigan,26031,,,,,,,,,,,,,,
2021-05-01,United States,Michigan,26031,,,,,,,,,,,,,,
2021-05-02,United States,Michigan,26031,,,,,,,,,,,,,,
2021-05-03,United States,Michigan,26031,,,,,,,,,,,,,,
2021-05-04,United States,Michigan,26031,,,,,,,,,,,,,,
2021-05-05,United States,Michigan,26031,,,,,,,,,,,,,,
2021-05-06,United States,Michigan,26031,,,,,,,,,,,,,,
2021-05-07,United States,Michigan,26031,,,,,,,,,,,,,,
2021-05-08,United States,Michigan,26031,,,,,,,,,,,,,,
2021-05-09,United States,Michigan,26031,,,,,,,,,,,,,,
2021-05-10,United States,Michigan,26031,,,,,,,,,,,,,,
2021-05-11,United States,Michigan,26031,,,,,,,,,,,,,,
2021-05-12,United States,Michigan,26031,,,,,,,,,,,,,,
2021-05-13,United States,Michigan,26031,,,,,,,,,,,,,,
2021-05-14,United States,Michigan,26031,,,,,,,,,,,,,,
2021-05-15,United States,Michigan,26031,,,,,,,,,,,,,,
2021-05-16,United States,Michigan,26031,,,,,,,,,,,,,,
2021-05-17,United States,Michigan,26031,,,,,,,,,,,,,,
2021-05-18,United States,Michigan,26031,,,,,,,,,,,,,,
2021-05-19,United States,Michigan,26031,,,,,,,,,,,,,,
2021-05-20,United States,Michigan,26031,,,,,,,,,,,,,,
2021-05-21,United States,Michigan,26031,,,,,,,,,,,,,,
2021-05-22,United States,Michigan,26031,,,,,,,,,,,,,,
2021-05-23,United States,Michigan,26031,,,,,,,,,,,,,,
2021-05-24,United States,Michigan,26031,,,,,,,,,,,,,,
2021-05-25,United States,Michigan,26031,5.51,,,,,,,,,,,,,
2021-05-26,United States,Michigan,26031,4.59,,,,,,,,,,,,,
2021-05-27,United States,Michigan,26031,,,,,,,,,,,,,,
2021-05-28,United States,Michigan,26031,,,,,,,,,,,,,,
2021-05-29,United States,Michigan,26031,,,,,,,,,,,,,,
2021-05-30,United States,Michigan,26031,4.11,,,,,,,,,,,,,
2021-05-31,United States,Michigan,26031,,,,,,,,,,,,,,
2021-06-01,United States,Michigan,26031,,,,,,,,,,,,,,
2021-06-02,United States,Michigan,26031,,,,,,,,,,,,,,
2021-06-03,United States,Michigan,26031,,,,,,,,,,,,,,
2021-06-04,United States,Michigan,26031,,,,,,,,,,,,,,
2021-06-05,United States,Michigan,26031,3.77,,,,,,,,,,,,,
2021-06-06,United States,Michigan,26031,4.0,,,,,,,,,,,,,
2021-06-07,United States,Michigan,26031,,,,,,,,,,,,,,
2021-06-08,United States,Michigan,26031,,,,,,,,,,,,,,
2021-06-09,United States,Michigan,26031,6.04,,,,,,,,,,,,,
2021-06-10,United States,Michigan,26031,,,,,,,,,,,,,,
2021-06-11,United States,Michigan,26031,,,,,,,,,,,,,,
2021-06-12,United States,Michigan,26031,,,,,,,,,,,,,,
2021-06-13,United States,Michigan,26031,,,,,,,,,,,,,,
2021-06-14,United States,Michigan,26031,,,,,,,,,,,,,,
2021-06-15,United States,Michigan,26031,,,,,,,,,,,,,,
2021-06-16,United States,Michigan,26031,,,,,,,,,,,,,,
2021-06-17,United States,Michigan,26031,,,,,,,,,,,,,,
2021-06-18,United States,Michigan,26031,,,,,,,,,,,,,,
2021-06-19,United States,Michigan,26031,,,,,,,,,,,,,,
2021-06-20,United States,Michigan,26031,,,,,,,,,,,,,,
2021-06-21,United States,Michigan,26031,3.46,,,,,,,,,,,,,
2021-06-22,United States,Michigan,26031,,,,,,,,,,,,,,
2021-06-23,United States,Michigan,26031,,,,,,,,,,,,,,
2021-06-24,United States,Michigan,26031,,,,,,,,,,,,,,
2021-06-25,United States,Michigan,26031,,,,,,,,,,,,,,
2021-06-26,United States,Michigan,26031,,,,,,,,,,,,,,
2021-06-27,United States,Michigan,26031,,,,,,,,,,,,,,
2021-06-28,United States,Michigan,26031,,,,,,,,,,,,,,
2021-06-29,United States,Michigan,26031,,,,,,,,,,,,,,
2021-06-30,United States,Michigan,26031,4.05,,,,,,,,,,,,,
2021-07-01,United States,Michigan,26031,,,,,,,,,,,,,,
2021-07-02,United States,Michigan,26031,,,,,,,,,,,,,,
2021-07-03,United States,Michigan,26031,4.62,,,,,,,,,,,,,
2021-07-04,United States,Michigan,26031,3.43,,,,,,,,,,,,,
2021-07-05,United States,Michigan,26031,,,,,,,,,,,,,,
2021-07-06,United States,Michigan,26031,,,,,,,,,,,,,,
2021-07-07,United States,Michigan,26031,,,,,,,,,,,,,,
2021-07-08,United States,Michigan,26031,,,,,,,,,,,,,,
2021-07-09,United States,Michigan,26031,,,,,,,,,,,,,,
2021-07-10,United States,Michigan,26031,,,,,,,,,,,,,,
2021-07-11,United States,Michigan,26031,,,,,,,,,,,,,,
2021-07-12,United States,Michigan,26031,3.07,,,,,,,,,,,,,
2021-07-13,United States,Michigan,26031,,,,,,,,,,,,,,
2021-07-14,United States,Michigan,26031,,,,,,,,,,,,,,
2021-07-15,United States,Michigan,26031,,,,,,,,,,,,,,
2021-07-16,United States,Michigan,26031,,,,,,,,,,,,,,
2021-07-17,United States,Michigan,26031,,,,,,,,,,,,,,
2021-07-18,United States,Michigan,26031,,,,,,,,,,,,,,
2021-07-19,United States,Michigan,26031,4.17,,,,,,,,,,,,,
2021-07-20,United States,Michigan,26031,4.16,,,,,,,,,,,,,
2021-07-21,United States,Michigan,26031,3.03,,,,,,,,,,,,,
2021-07-22,United States,Michigan,26031,,,,,,,,,,,,,,
2021-07-23,United States,Michigan,26031,,,,,,,,,,,,,,
2021-07-24,United States,Michigan,26031,2.96,,,,,,,,,,,,,
2021-07-25,United States,Michigan,26031,3.44,,,,,,,,,,,,,
2021-07-26,United States,Michigan,26031,,,,,,,,,,,,,,
2021-07-27,United States,Michigan,26031,,,,,,,,,,,,,,
2021-07-28,United States,Michigan,26031,3.88,,,,,,,,,,,,,
2021-07-29,United States,Michigan,26031,,,,,,,,,,,,,,
2021-07-30,United States,Michigan,26031,,,,,,,,,,,,,,
2021-07-31,United States,Michigan,26031,3.49,,,,,,,,,,,,,
2021-08-01,United States,Michigan,26031,3.81,,,,,,,,,,,,,
2021-08-02,United States,Michigan,26031,4.42,,,,,,,,,,,,,
2021-08-03,United States,Michigan,26031,,,,,,,,,,,,,,
2021-08-04,United States,Michigan,26031,,,,,,,,,,,,,,
2021-08-05,United States,Michigan,26031,3.22,,,,,,,,,,,,,
2021-08-06,United States,Michigan,26031,,,,,,,,,,,,,,
2021-08-07,United States,Michigan,26031,3.44,,,,,,,,,,,,,
2021-08-08,United States,Michigan,26031,2.86,,,,,,,,,,,,,
2021-08-09,United States,Michigan,26031,,,,,,,,,,,,,,
2021-08-10,United States,Michigan,26031,3.51,,,,,,,,,,,,,
2021-08-11,United States,Michigan,26031,,,,,,,,,,,,,,
2021-08-12,United States,Michigan,26031,,,,,,,,,,,,,,
2021-08-13,United States,Michigan,26031,3.89,,,,,,,,,,,,,
2021-08-14,United States,Michigan,26031,,,,,,,,,,,,,,
2021-08-15,United States,Michigan,26031,,,,,,,,,,,,,,
2021-08-16,United States,Michigan,26031,3.62,,,,,,,,,,,,,
2021-08-17,United States,Michigan,26031,3.2,,,,,,,,,,,,,
2021-08-18,United States,Michigan,26031,3.49,,,,,,,,,,,,,
2021-08-19,United States,Michigan,26031,3.24,,,,,,,,,,,,,
2021-08-20,United States,Michigan,26031,,,,,,,,,,,,,,
2021-08-21,United States,Michigan,26031,3.61,,,,,,,,,,,,,
2021-08-22,United States,Michigan,26031,3.4,,,,,,,,,,,,,
2021-08-23,United States,Michigan,26031,,,,,,,,,,,,,,
2021-08-24,United States,Michigan,26031,5.68,,,,,,,,,,,,,
2021-08-25,United States,Michigan,26031,,,,,,,,,,,,,,
2021-08-26,United States,Michigan,26031,3.55,,,,,,,,,,,,,
2021-08-27,United States,Michigan,26031,,,,,,,,,,,,,,
2021-08-28,United States,Michigan,26031,,,,,,,,,,,,,,
2021-08-29,United States,Michigan,26031,3.46,,,,,,,,,,,,,
2021-08-30,United States,Michigan,26031,,,,,,,,,,,,,,
2021-08-31,United States,Michigan,26031,5.81,,,,,,,,,,,,,
2021-09-01,United States,Michigan,26031,3.8,,,,,,,,,,,,,
2021-09-02,United States,Michigan,26031,,,,,,,,,,,,,,
2021-09-03,United States,Michigan,26031,4.12,,,,,,,,,,,,,
2021-09-04,United States,Michigan,26031,,,,,,,,,,,,,,
2021-09-05,United States,Michigan,26031,3.79,,,,,,,,,,,,,
2021-09-06,United States,Michigan,26031,,,,,,,,,,,,,,
2021-09-07,United States,Michigan,26031,,,,,,,,,,,,,,
2021-09-08,United States,Michigan,26031,,,,,,,,,,,,,,
2021-09-09,United States,Michigan,26031,,,,,,,,,,,,,,
2021-09-10,United States,Michigan,26031,,,,,,,,,,,,,,
2021-09-11,United States,Michigan,26031,,,,,,,,,,,,,,
2021-09-12,United States,Michigan,26031,4.53,,,,,,,,,,,,,
2021-09-13,United States,Michigan,26031,,,,,,,,,,,,,,
2021-09-14,United States,Michigan,26031,,,,,,,,,,,,,,
2021-09-15,United States,Michigan,26031,4.88,,,,,,,,,,,,,
2021-09-16,United States,Michigan,26031,,,,,,,,,,,,,,
2021-09-17,United States,Michigan,26031,,,,,,,,,,,,,,
2021-09-18,United States,Michigan,26031,,,,,,,,,,,,,,
2021-09-19,United States,Michigan,26031,6.26,,,,,,,,,,,,,
2021-09-20,United States,Michigan,26031,,,,,,,,,,,,,,
2021-09-21,United States,Michigan,26031,,,,,,,,,,,,,,
2021-09-22,United States,Michigan,26031,,,,,,,,,,,,,,
2021-09-23,United States,Michigan,26031,4.63,,,,,,,,,,,,,
2021-09-24,United States,Michigan,26031,5.02,,,,,,,,,,,,,
2021-09-25,United States,Michigan,26031,,,,,,,,,,,,,,
2021-09-26,United States,Michigan,26031,,,,,,,,,,,,,,
2021-09-27,United States,Michigan,26031,5.11,,,,,,,,,,,,,
2021-09-28,United States,Michigan,26031,,,,,,,,,,,,,,
2021-09-29,United States,Michigan,26031,,,,,,,,,,,,,,
2021-09-30,United States,Michigan,26031,4.83,,,,,,,,,,,,,
2021-10-01,United States,Michigan,26031,,,,,,,,,,,,,,
2021-10-02,United States,Michigan,26031,4.57,,,,,,,,,,,,,
2021-10-03,United States,Michigan,26031,4.21,,,,,,,,,,,,,
2021-10-04,United States,Michigan,26031,4.86,,,,,,,,,,,,,
2021-10-05,United States,Michigan,26031,,,,,,,,,,,,,,
2021-10-06,United States,Michigan,26031,5.97,,,,,,,,,,,,,
2021-10-07,United States,Michigan,26031,4.42,,,,,,,,,,,,,
2021-10-08,United States,Michigan,26031,,,,,,,,,,,,,,
2021-10-09,United States,Michigan,26031,,,,,,,,,,,,,,
2021-10-10,United States,Michigan,26031,5.37,,,,,,,,,,,,,
2021-10-11,United States,Michigan,26031,,,,,,,,,,,,,,
2021-10-12,United States,Michigan,26031,,,,,,,,,,,,,,
2021-10-13,United States,Michigan,26031,4.75,,,,,,,,,,,,,
2021-10-14,United States,Michigan,26031,,,,,,,,,,,,,,
2021-10-15,United States,Michigan,26031,,,,,,,,,,,,,,
2021-10-16,United States,Michigan,26031,4.75,,,,,,,,,,,,,
2021-10-17,United States,Michigan,26031,4.17,,,,,,,,,,,,,
2021-10-18,United States,Michigan,26031,5.63,,,,,,,,,,,,,
2021-10-19,United States,Michigan,26031,4.05,,,,,,,,,,,,,
2021-10-20,United States,Michigan,26031,5.89,,,,,,,,,,,,,
2021-10-21,United States,Michigan,26031,5.73,,,,,,,,,,,,,
2021-10-22,United States,Michigan,26031,,,,,,,,,,,,,,
2021-10-23,United States,Michigan,26031,,,,,,,,,,,,,,
2021-10-24,United States,Michigan,26031,,,,,,,,,,,,,,
2021-10-25,United States,Michigan,26031,,,,,,,,,,,,,,
2021-10-26,United States,Michigan,26031,4.44,,,,,,,,,,,,,
2021-10-27,United States,Michigan,26031,6.36,,,,,,,,,,,,,
2021-10-28,United States,Michigan,26031,4.62,,,,,,,,,,,,,
2021-10-29,United States,Michigan,26031,,,,,,,,,,,,,,
2021-10-30,United States,Michigan,26031,,,,,,,,,,,,,,
2021-10-31,United States,Michigan,26031,,,,,,,,,,,,,,
2021-11-01,United States,Michigan,26031,4.89,,,,,,,,,,,,,
2021-11-02,United States,Michigan,26031,,,,,,,,,,,,,,
2021-11-03,United States,Michigan,26031,,,,,,,,,,,,,,
2021-11-04,United States,Michigan,26031,5.63,,,,,,,,,,,,,
2021-11-05,United States,Michigan,26031,,,,,,,,,,,,,,
2021-11-06,United States,Michigan,26031,,,,,,,,,,,,,,
2021-11-07,United States,Michigan,26031,,,,,,,,,,,,,,
2021-11-08,United States,Michigan,26031,,,,,,,,,,,,,,
2021-11-09,United States,Michigan,26031,,,,,,,,,,,,,,
2021-11-10,United States,Michigan,26031,,,,,,,,,,,,,,
2021-11-11,United States,Michigan,26031,,,,,,,,,,,,,,
2021-11-12,United States,Michigan,26031,,,,,,,,,,,,,,
2021-11-13,United States,Michigan,26031,,,,,,,,,,,,,,
2021-11-14,United States,Michigan,26031,4.72,,,,,,,,,,,,,
2021-11-15,United States,Michigan,26031,,,,,,,,,,,,,,
2021-11-16,United States,Michigan,26031,,,,,,,,,,,,,,
2021-11-17,United States,Michigan,26031,,,,,,,,,,,,,,
2021-11-18,United States,Michigan,26031,,,,,,,,,,,,,,
2021-11-19,United States,Michigan,26031,,,,,,,,,,,,,,
2021-11-20,United States,Michigan,26031,,,,,,,,,,,,,,
2021-11-21,United States,Michigan,26031,,,,,,,,,,,,,,
2021-11-22,United States,Michigan,26031,,,,,,,,,,,,,,
2021-11-23,United States,Michigan,26031,4.35,,,,,,,,,,,,,
2021-11-24,United States,Michigan,26031,,,,,,,,,,,,,,
2021-11-25,United States,Michigan,26031,,,,,,,,,,,,,,
2021-11-26,United States,Michigan,26031,,,,,,,,,,,,,,
2021-11-27,United States,Michigan,26031,,,,,,,,,,,,,,
2021-11-28,United States,Michigan,26031,,,,,,,,,,,,,,
2021-11-29,United States,Michigan,26031,,,,,,,,,,,,,,
2021-11-30,United States,Michigan,26031,,,,,,,,,,,,,,
2021-12-01,United States,Michigan,26031,,,,,,,,,,,,,,
2021-12-02,United States,Michigan,26031,,,,,,,,,,,,,,
2021-12-03,United States,Michigan,26031,,,,,,,,,,,,,,
2021-12-04,United States,Michigan,26031,,,,,,,,,,,,,,
2021-12-05,United States,Michigan,26031,,,,,,,,,,,,,,
2021-12-06,United States,Michigan,26031,,,,,,,,,,,,,,
2021-12-07,United States,Michigan,26031,,,,,,,,,,,,,,
2021-12-08,United States,Michigan,26031,,,,,,,,,,,,,,
2021-12-09,United States,Michigan,26031,,,,,,,,,,,,,,
2021-12-10,United States,Michigan,26031,,,,,,,,,,,,,,
2021-12-11,United States,Michigan,26031,,,,,,,,,,,,,,
2021-12-12,United States,Michigan,26031,,,,,,,,,,,,,,
2021-12-13,United States,Michigan,26031,,,,,,,,,,,,,,
2021-12-14,United States,Michigan,26031,,,,,,,,,,,,,,
2021-12-15,United States,Michigan,26031,,,,,,,,,,,,,,
2021-12-16,United States,Michigan,26031,,,,,,,,,,,,,,
2021-12-17,United States,Michigan,26031,,,,,,,,,,,,,,
2021-12-18,United States,Michigan,26031,,,,,,,,,,,,,,
2021-12-19,United States,Michigan,26031,,,,,,,,,,,,,,
2021-12-20,United States,Michigan,26031,5.27,,,,,,,,,,,,,
2021-12-21,United States,Michigan,26031,,,,,,,,,,,,,,
2021-12-22,United States,Michigan,26031,4.79,,,,,,,,,,,,,
2021-12-23,United States,Michigan,26031,,,,,,,,,,,,,,
2021-12-24,United States,Michigan,26031,,,,,,,,,,,,,,
2021-12-25,United States,Michigan,26031,,,,,,,,,,,,,,
2021-12-26,United States,Michigan,26031,5.38,,,,,,,,,,,,,
2021-12-27,United States,Michigan,26031,4.97,,,,,,,,,,,,,
2021-12-28,United States,Michigan,26031,8.74,,,,,,,,,,,,,
2021-12-29,United States,Michigan,26031,4.67,,,,,,,,,,,,,
2021-12-30,United States,Michigan,26031,6.05,,,,,,,,,,,,,
2021-12-31,United States,Michigan,26031,6.4,,,,,,,,,,,,,
2022-01-01,United States,Michigan,26031,,,,,,,,,,,,,,
2022-01-02,United States,Michigan,26031,5.75,,,,,,,,,,,,,
2022-01-03,United States,Michigan,26031,5.03,,,,,,,,,,,,,
2022-01-04,United States,Michigan,26031,6.82,,,,,,,,,,,,,
2022-01-05,United States,Michigan,26031,,,,,,,,,,,,,,
2022-01-06,United States,Michigan,26031,7.69,,,,,,,,,,,,,
2022-01-07,United States,Michigan,26031,4.26,,,,,,,,,,,,,
2022-01-08,United States,Michigan,26031,,,,,,,,,,,,,,
2022-01-09,United States,Michigan,26031,6.14,,,,,,,,,,,,,
2022-01-10,United States,Michigan,26031,5.97,,,,,,,,,,,,,
2022-01-11,United States,Michigan,26031,4.64,,,,,,,,,,,,,
2022-01-12,United States,Michigan,26031,6.79,,,,,,,,,,,,,
2022-01-13,United States,Michigan,26031,6.19,,,,,,,,,,,,,
2022-01-14,United States,Michigan,26031,5.1,,,,,,,,,,,,,
2022-01-15,United States,Michigan,26031,4.51,,,,,,,,,,,,,
2022-01-16,United States,Michigan,26031,6.11,,,,,,,,,,,,,
2022-01-17,United States,Michigan,26031,5.54,,,,,,,,,,,,,
2022-01-18,United States,Michigan,26031,,,,,,,,,,,,,,
2022-01-19,United States,Michigan,26031,5.2,,,,,,,,,,,,,
2022-01-20,United States,Michigan,26031,,,,,,,,,,,,,,
2022-01-21,United States,Michigan,26031,4.6,,,,,,,,,,,,,
2022-01-22,United States,Michigan,26031,,,,,,,,,,,,,,
2022-01-23,United States,Michigan,26031,,,,,,,,,,,,,,
2022-01-24,United States,Michigan,26031,4.57,,,,,,,,,,,,,
2022-01-25,United States,Michigan,26031,5.68,,,,,,,,,,,,,
2022-01-26,United States,Michigan,26031,4.42,,,,,,,,,,,,,
2022-01-27,United States,Michigan,26031,6.68,,,,,,,,,,,,,
2022-01-28,United States,Michigan,26031,,,,,,,,,,,,,,
2022-01-29,United States,Michigan,26031,4.78,,,,,,,,,,,,,
2022-01-30,United States,Michigan,26031,5.97,,,,,,,,,,,,,
2022-01-31,United States,Michigan,26031,,,,,,,,,,,,,,
2022-02-01,United States,Michigan,26031,11.89,,,,,,,,,,,,,
2022-02-02,United States,Michigan,26031,4.31,,,,,,,,,,,,,
2022-02-03,United States,Michigan,26031,,,,,,,,,,,,,,
2022-02-04,United States,Michigan,26031,,,,,,,,,,,,,,
2022-02-05,United States,Michigan,26031,4.67,,,,,,,,,,,,,
2022-02-06,United States,Michigan,26031,,,,,,,,,,,,,,
2022-02-07,United States,Michigan,26031,,,,,,,,,,,,,,
2022-02-08,United States,Michigan,26031,5.68,,,,,,,,,,,,,
2022-02-09,United States,Michigan,26031,,,,,,,,,,,,,,
2022-02-10,United States,Michigan,26031,4.19,,,,,,,,,,,,,
2022-02-11,United States,Michigan,26031,,,,,,,,,,,,,,
2022-02-12,United States,Michigan,26031,,,,,,,,,,,,,,
2022-02-13,United States,Michigan,26031,4.9,,,,,,,,,,,,,
2022-02-14,United States,Michigan,26031,,,,,,,,,,,,,,
2022-02-15,United States,Michigan,26031,,,,,,,,,,,,,,
2022-02-16,United States,Michigan,26031,,,,,,,,,,,,,,
2022-02-17,United States,Michigan,26031,,,,,,,,,,,,,,
2022-02-18,United States,Michigan,26031,,,,,,,,,,,,,,
2022-02-19,United States,Michigan,26031,,,,,,,,,,,,,,
2022-02-20,United States,Michigan,26031,,,,,,,,,,,,,,
2022-02-21,United States,Michigan,26031,,,,,,,,,,,,,,
2022-02-22,United States,Michigan,26031,,,,,,,,,,,,,,
2022-02-23,United States,Michigan,26031,,,,,,,,,,,,,,
2022-02-24,United States,Michigan,26031,,,,,,,,,,,,,,
2022-02-25,United States,Michigan,26031,,,,,,,,,,,,,,
2022-02-26,United States,Michigan,26031,,,,,,,,,,,,,,
2022-02-27,United States,Michigan,26031,,,,,,,,,,,,,,
2022-02-28,United States,Michigan,26031,7.67,,,,,,,,,,,,,
2022-03-01,United States,Michigan,26031,,,,,,,,,,,,,,
2022-03-02,United States,Michigan,26031,,,,,,,,,,,,,,
2022-03-03,United States,Michigan,26031,,,,,,,,,,,,,,
2022-03-04,United States,Michigan,26031,,,,,,,,,,,,,,
2022-03-05,United States,Michigan,26031,,,,,,,,,,,,,,
2022-03-06,United States,Michigan,26031,,,,,,,,,,,,,,
2022-03-07,United States,Michigan,26031,4.21,,,,,,,,,,,,,
2022-03-08,United States,Michigan,26031,7.2,,,,,,,,,,,,,
2022-03-09,United States,Michigan,26031,,,,,,,,,,,,,,
2022-03-10,United States,Michigan,26031,,,,,,,,,,,,,,
2022-03-11,United States,Michigan,26031,,,,,,,,,,,,,,
2022-03-12,United States,Michigan,26031,,,,,,,,,,,,,,
2022-03-13,United States,Michigan,26031,,,,,,,,,,,,,,
2022-03-14,United States,Michigan,26031,6.11,,,,,,,,,,,,,
2022-03-15,United States,Michigan,26031,,,,,,,,,,,,,,
2022-03-16,United States,Michigan,26031,,,,,,,,,,,,,,
2022-03-17,United States,Michigan,26031,,,,,,,,,,,,,,
2022-03-18,United States,Michigan,26031,,,,,,,,,,,,,,
2022-03-19,United States,Michigan,26031,,,,,,,,,,,,,,
2022-03-20,United States,Michigan,26031,,,,,,,,,,,,,,
2022-03-21,United States,Michigan,26031,,,,,,,,,,,,,,
2022-03-22,United States,Michigan,26031,,,,,,,,,,,,,,
2022-03-23,United States,Michigan,26031,,,,,,,,,,,,,,
2022-03-24,United States,Michigan,26031,,,,,,,,,,,,,,
2022-03-25,United States,Michigan,26031,,,,,,,,,,,,,,
2022-03-26,United States,Michigan,26031,,,,,,,,,,,,,,
2022-03-27,United States,Michigan,26031,,,,,,,,,,,,,,
2022-03-28,United States,Michigan,26031,,,,,,,,,,,,,,
2022-03-29,United States,Michigan,26031,4.9,,,,,,,,,,,,,
2022-03-30,United States,Michigan,26031,,,,,,,,,,,,,,
2022-03-31,United States,Michigan,26031,,,,,,,,,,,,,,
2022-04-01,United States,Michigan,26031,,,,,,,,,,,,,,
2022-04-02,United States,Michigan,26031,,,,,,,,,,,,,,
2022-04-03,United States,Michigan,26031,,,,,,,,,,,,,,
2022-04-04,United States,Michigan,26031,,,,,,,,,,,,,,
2022-04-05,United States,Michigan,26031,,,,,,,,,,,,,,
2022-04-06,United States,Michigan,26031,,,,,,,,,,,,,,
2022-04-07,United States,Michigan,26031,5.72,,,,,,,,,,,,,
2022-04-08,United States,Michigan,26031,,,,,,,,,,,,,,
2022-04-09,United States,Michigan,26031,,,,,,,,,,,,,,
2022-04-10,United States,Michigan,26031,6.32,,,,,,,,,,,,,
2022-04-11,United States,Michigan,26031,,,,,,,,,,,,,,
2022-04-12,United States,Michigan,26031,,,,,,,,,,,,,,
2022-04-13,United States,Michigan,26031,,,,,,,,,,,,,,
2022-04-14,United States,Michigan,26031,,,,,,,,,,,,,,
2022-04-15,United States,Michigan,26031,,,,,,,,,,,,,,
2022-04-16,United States,Michigan,26031,,,,,,,,,,,,,,
2022-04-17,United States,Michigan,26031,,,,,,,,,,,,,,
2022-04-18,United States,Michigan,26031,,,,,,,,,,,,,,
2022-04-19,United States,Michigan,26031,,,,,,,,,,,,,,
2022-04-20,United States,Michigan,26031,,,,,,,,,,,,,,
2022-04-21,United States,Michigan,26031,,,,,,,,,,,,,,
2022-04-22,United States,Michigan,26031,,,,,,,,,,,,,,
2022-04-23,United States,Michigan,26031,5.21,,,,,,,,,,,,,
2022-04-24,United States,Michigan,26031,,,,,,,,,,,,,,
2022-04-25,United States,Michigan,26031,,,,,,,,,,,,,,
2022-04-26,United States,Michigan,26031,,,,,,,,,,,,,,
2022-04-27,United States,Michigan,26031,,,,,,,,,,,,,,
2022-04-28,United States,Michigan,26031,4.4,,,,,,,,,,,,,
2022-04-29,United States,Michigan,26031,,,,,,,,,,,,,,
2022-04-30,United States,Michigan,26031,,,,,,,,,,,,,,
2022-05-01,United States,Michigan,26031,,,,,,,,,,,,,,
2022-05-02,United States,Michigan,26031,4.62,,,,,,,,,,,,,
2022-05-03,United States,Michigan,26031,4.16,,,,,,,,,,,,,
2022-05-04,United States,Michigan,26031,,,,,,,,,,,,,,
2022-05-05,United States,Michigan,26031,,,,,,,,,,,,,,
2022-05-06,United States,Michigan,26031,4.17,,,,,,,,,,,,,
2022-05-07,United States,Michigan,26031,5.43,,,,,,,,,,,,,
2022-05-08,United States,Michigan,26031,,,,,,,,,,,,,,
2022-05-09,United States,Michigan,26031,7.01,,,,,,,,,,,,,
2022-05-10,United States,Michigan,26031,,,,,,,,,,,,,,
2022-05-11,United States,Michigan,26031,4.57,,,,,,,,,,,,,
2022-05-12,United States,Michigan,26031,5.65,,,,,,,,,,,,,
2022-05-13,United States,Michigan,26031,,,,,,,,,,,,,,
2022-05-14,United States,Michigan,26031,,,,,,,,,,,,,,
2022-05-15,United States,Michigan,26031,,,,,,,,,,,,,,
2022-05-16,United States,Michigan,26031,,,,,,,,,,,,,,
2022-05-17,United States,Michigan,26031,,,,,,,,,,,,,,
2022-05-18,United States,Michigan,26031,4.21,,,,,,,,,,,,,
2022-05-19,United States,Michigan,26031,,,,,,,,,,,,,,
2022-05-20,United States,Michigan,26031,,,,,,,,,,,,,,
2022-05-21,United States,Michigan,26031,,,,,,,,,,,,,,
2022-05-22,United States,Michigan,26031,,,,,,,,,,,,,,
2022-05-23,United States,Michigan,26031,4.26,,,,,,,,,,,,,
2022-05-24,United States,Michigan,26031,,,,,,,,,,,,,,
2022-05-25,United States,Michigan,26031,,,,,,,,,,,,,,
2022-05-26,United States,Michigan,26031,6.93,,,,,,,,,,,,,
2022-05-27,United States,Michigan,26031,,,,,,,,,,,,,,
2022-05-28,United States,Michigan,26031,3.45,,,,,,,,,,,,,
2022-05-29,United States,Michigan,26031,,,,,,,,,,,,,,
2022-05-30,United States,Michigan,26031,6.99,,,,,,,,,,,,,
2022-05-31,United States,Michigan,26031,3.78,,,,,,,,,,,,,
2022-06-01,United States,Michigan,26031,4.09,,,,,,,,,,,,,
2022-06-02,United States,Michigan,26031,,,,,,,,,,,,,,
2022-06-03,United States,Michigan,26031,,,,,,,,,,,,,,
2022-06-04,United States,Michigan,26031,,,,,,,,,,,,,,
2022-06-05,United States,Michigan,26031,,,,,,,,,,,,,,
2022-06-06,United States,Michigan,26031,,,,,,,,,,,,,,
2022-06-07,United States,Michigan,26031,,,,,,,,,,,,,,
2022-06-08,United States,Michigan,26031,,,,,,,,,,,,,,
2022-06-09,United States,Michigan,26031,,,,,,,,,,,,,,
2022-06-10,United States,Michigan,26031,,,,,,,,,,,,,,
2022-06-11,United States,Michigan,26031,,,,,,,,,,,,,,
2022-06-12,United States,Michigan,26031,,,,,,,,,,,,,,
2022-06-13,United States,Michigan,26031,,,,,,,,,,,,,,
2022-06-14,United States,Michigan,26031,,,,,,,,,,,,,,
2022-06-15,United States,Michigan,26031,,,,,,,,,,,,,,
2022-06-16,United States,Michigan,26031,,,,,,,,,,,,,,
2022-06-17,United States,Michigan,26031,,,,,,,,,,,,,,
2022-06-18,United States,Michigan,26031,,,,,,,,,,,,,,
2022-06-19,United States,Michigan,26031,3.57,,,,,,,,,,,,,
2022-06-20,United States,Michigan,26031,3.42,,,,,,,,,,,,,
2022-06-21,United States,Michigan,26031,,,,,,,,,,,,,,
2022-06-22,United States,Michigan,26031,,,,,,,,,,,,,,
2022-06-23,United States,Michigan,26031,,,,,,,,,,,,,,
2022-06-24,United States,Michigan,26031,,,,,,,,,,,,,,
2022-06-25,United States,Michigan,26031,4.88,,,,,,,,,,,,,
2022-06-26,United States,Michigan,26031,4.27,,,,,,,,,,,,,
2022-06-27,United States,Michigan,26031,,,,,,,,,,,,,,
2022-06-28,United States,Michigan,26031,,,,,,,,,,,,,,
2022-06-29,United States,Michigan,26031,,,,,,,,,,,,,,
2022-06-30,United States,Michigan,26031,3.25,,,,,,,,,,,,,
2022-07-01,United States,Michigan,26031,3.55,,,,,,,,,,,,,
2022-07-02,United States,Michigan,26031,,,,,,,,,,,,,,
2022-07-03,United States,Michigan,26031,,,,,,,,,,,,,,
2022-07-04,United States,Michigan,26031,,,,,,,,,,,,,,
2022-07-05,United States,Michigan,26031,3.94,,,,,,,,,,,,,
2022-07-06,United States,Michigan,26031,3.5,,,,,,,,,,,,,
2022-07-07,United States,Michigan,26031,,,,,,,,,,,,,,
2022-07-08,United States,Michigan,26031,3.37,,,,,,,,,,,,,
2022-07-09,United States,Michigan,26031,5.83,,,,,,,,,,,,,
2022-07-10,United States,Michigan,26031,,,,,,,,,,,,,,
2022-07-11,United States,Michigan,26031,,,,,,,,,,,,,,
2022-07-12,United States,Michigan,26031,4.81,,,,,,,,,,,,,
2022-07-13,United States,Michigan,26031,4.07,,,,,,,,,,,,,
2022-07-14,United States,Michigan,26031,,,,,,,,,,,,,,
2022-07-15,United States,Michigan,26031,,,,,,,,,,,,,,
2022-07-16,United States,Michigan,26031,4.33,,,,,,,,,,,,,
2022-07-17,United States,Michigan,26031,,,,,,,,,,,,,,
2022-07-18,United States,Michigan,26031,,,,,,,,,,,,,,
2022-07-19,United States,Michigan,26031,3.71,,,,,,,,,,,,,
2022-07-20,United States,Michigan,26031,3.75,,,,,,,,,,,,,
2022-07-21,United States,Michigan,26031,,,,,,,,,,,,,,
2022-07-22,United States,Michigan,26031,,,,,,,,,,,,,,
2022-07-23,United States,Michigan,26031,,,,,,,,,,,,,,
2022-07-24,United States,Michigan,26031,3.89,,,,,,,,,,,,,
2022-07-25,United States,Michigan,26031,4.2,,,,,,,,,,,,,
2022-07-26,United States,Michigan,26031,7.03,,,,,,,,,,,,,
2022-07-27,United States,Michigan,26031,,,,,,,,,,,,,,
2022-07-28,United States,Michigan,26031,3.33,,,,,,,,,,,,,
2022-07-29,United States,Michigan,26031,3.69,,,,,,,,,,,,,
2022-07-30,United States,Michigan,26031,3.62,,,,,,,,,,,,,
2022-07-31,United States,Michigan,26031,,,,,,,,,,,,,,
2022-08-01,United States,Michigan,26031,,,,,,,,,,,,,,
2022-08-02,United States,Michigan,26031,2.98,,,,,,,,,,,,,
2022-08-03,United States,Michigan,26031,2.95,,,,,,,,,,,,,
2022-08-04,United States,Michigan,26031,3.59,,,,,,,,,,,,,
2022-08-05,United States,Michigan,26031,4.73,,,,,,,,,,,,,
2022-08-06,United States,Michigan,26031,,,,,,,,,,,,,,
2022-08-07,United States,Michigan,26031,,,,,,,,,,,,,,
2022-08-08,United States,Michigan,26031,3.16,,,,,,,,,,,,,
2022-08-09,United States,Michigan,26031,,,,,,,,,,,,,,
2022-08-10,United States,Michigan,26031,,,,,,,,,,,,,,
2022-08-11,United States,Michigan,26031,,,,,,,,,,,,,,
2022-08-12,United States,Michigan,26031,,,,,,,,,,,,,,
2022-08-13,United States,Michigan,26031,4.69,,,,,,,,,,,,,
2022-08-14,United States,Michigan,26031,,,,,,,,,,,,,,
2022-08-15,United States,Michigan,26031,4.73,,,,,,,,,,,,,
2022-08-16,United States,Michigan,26031,,,,,,,,,,,,,,
2022-08-17,United States,Michigan,26031,,,,,,,,,,,,,,
2022-08-18,United States,Michigan,26031,5.49,,,,,,,,,,,,,
2022-08-19,United States,Michigan,26031,,,,,,,,,,,,,,
2022-08-20,United States,Michigan,26031,,,,,,,,,,,,,,
2022-08-21,United States,Michigan,26031,3.36,,,,,,,,,,,,,
2022-08-22,United States,Michigan,26031,,,,,,,,,,,,,,
2022-08-23,United States,Michigan,26031,,,,,,,,,,,,,,
2022-08-24,United States,Michigan,26031,,,,,,,,,,,,,,
2022-08-25,United States,Michigan,26031,3.57,,,,,,,,,,,,,
2022-08-26,United States,Michigan,26031,4.62,,,,,,,,,,,,,
2022-08-27,United States,Michigan,26031,,,,,,,,,,,,,,
2022-08-28,United States,Michigan,26031,,,,,,,,,,,,,,
2022-08-29,United States,Michigan,26031,3.34,,,,,,,,,,,,,
2022-08-30,United States,Michigan,26031,,,,,,,,,,,,,,
2022-08-31,United States,Michigan,26031,,,,,,,,,,,,,,
2022-09-01,United States,Michigan,26031,,,,,,,,,,,,,,
2022-09-02,United States,Michigan,26031,,,,,,,,,,,,,,
2022-09-03,United States,Michigan,26031,3.23,,,,,,,,,,,,,
2022-09-04,United States,Michigan,26031,3.02,,,,,,,,,,,,,
2022-09-05,United States,Michigan,26031,3.17,,,,,,,,,,,,,
2022-09-06,United States,Michigan,26031,3.69,,,,,,,,,,,,,
2022-09-07,United States,Michigan,26031,,,,,,,,,,,,,,
2022-09-08,United States,Michigan,26031,,,,,,,,,,,,,,
2022-09-09,United States,Michigan,26031,,,,,,,,,,,,,,
2022-09-10,United States,Michigan,26031,,,,,,,,,,,,,,
2022-09-11,United States,Michigan,26031,,,,,,,,,,,,,,
2022-09-12,United States,Michigan,26031,,,,,,,,,,,,,,
2022-09-13,United States,Michigan,26031,4.35,,,,,,,,,,,,,
2022-09-14,United States,Michigan,26031,,,,,,,,,,,,,,
2022-09-15,United States,Michigan,26031,,,,,,,,,,,,,,
2022-09-16,United States,Michigan,26031,,,,,,,,,,,,,,
2022-09-17,United States,Michigan,26031,3.79,,,,,,,,,,,,,
2022-09-18,United States,Michigan,26031,3.57,,,,,,,,,,,,,
2022-09-19,United States,Michigan,26031,,,,,,,,,,,,,,
2022-09-20,United States,Michigan,26031,,,,,,,,,,,,,,
2022-09-21,United States,Michigan,26031,,,,,,,,,,,,,,
2022-09-22,United States,Michigan,26031,3.91,,,,,,,,,,,,,
2022-09-23,United States,Michigan,26031,,,,,,,,,,,,,,
2022-09-24,United States,Michigan,26031,,,,,,,,,,,,,,
2022-09-25,United States,Michigan,26031,,,,,,,,,,,,,,
2022-09-26,United States,Michigan,26031,,,,,,,,,,,,,,
2022-09-27,United States,Michigan,26031,,,,,,,,,,,,,,
2022-09-28,United States,Michigan,26031,,,,,,,,,,,,,,
2022-09-29,United States,Michigan,26031,,,,,,,,,,,,,,
2022-09-30,United States,Michigan,26031,,,,,,,,,,,,,,
2022-10-01,United States,Michigan,26031,,,,,,,,,,,,,,
2022-10-02,United States,Michigan,26031,4.89,,,,,,,,,,,,,
2022-10-03,United States,Michigan,26031,5.34,,,,,,,,,,,,,
2022-10-04,United States,Michigan,26031,,,,,,,,,,,,,,
2022-10-05,United States,Michigan,26031,3.87,,,,,,,,,,,,,
2022-10-06,United States,Michigan,26031,5.18,,,,,,,,,,,,,
2022-10-07,United States,Michigan,26031,,,,,,,,,,,,,,
2022-10-08,United States,Michigan,26031,,,,,,,,,,,,,,
2022-10-09,United States,Michigan,26031,,,,,,,,,,,,,,
2022-10-10,United States,Michigan,26031,,,,,,,,,,,,,,
2022-10-11,United States,Michigan,26031,6.82,,,,,,,,,,,,,
2022-10-12,United States,Michigan,26031,,,,,,,,,,,,,,
2022-10-13,United States,Michigan,26031,5.46,,,,,,,,,,,,,
2022-10-14,United States,Michigan,26031,,,,,,,,,,,,,,
2022-10-15,United States,Michigan,26031,,,,,,,,,,,,,,
2022-10-16,United States,Michigan,26031,,,,,,,,,,,,,,
2022-10-17,United States,Michigan,26031,3.96,,,,,,,,,,,,,
2022-10-18,United States,Michigan,26031,4.95,,,,,,,,,,,,,
2022-10-19,United States,Michigan,26031,,,,,,,,,,,,,,
2022-10-20,United States,Michigan,26031,,,,,,,,,,,,,,
2022-10-21,United States,Michigan,26031,,,,,,,,,,,,,,
2022-10-22,United States,Michigan,26031,,,,,,,,,,,,,,
2022-10-23,United States,Michigan,26031,5.24,,,,,,,,,,,,,
2022-10-24,United States,Michigan,26031,,,,,,,,,,,,,,
2022-10-25,United States,Michigan,26031,,,,,,,,,,,,,,
2022-10-26,United States,Michigan,26031,4.49,,,,,,,,,,,,,
2022-10-27,United States,Michigan,26031,4.35,,,,,,,,,,,,,
2022-10-28,United States,Michigan,26031,,,,,,,,,,,,,,
2022-10-29,United States,Michigan,26031,,,,,,,,,,,,,,
2022-10-30,United States,Michigan,26031,,,,,,,,,,,,,,
2022-10-31,United States,Michigan,26031,4.69,,,,,,,,,,,,,
2022-11-01,United States,Michigan,26031,,,,,,,,,,,,,,
2022-11-02,United States,Michigan,26031,5.63,,,,,,,,,,,,,
2022-11-03,United States,Michigan,26031,,,,,,,,,,,,,,
2022-11-04,United States,Michigan,26031,,,,,,,,,,,,,,
2022-11-05,United States,Michigan,26031,,,,,,,,,,,,,,
2022-11-06,United States,Michigan,26031,,,,,,,,,,,,,,
2022-11-07,United States,Michigan,26031,,,,,,,,,,,,,,
2022-11-08,United States,Michigan,26031,,,,,,,,,,,,,,
2022-11-09,United States,Michigan,26031,4.21,,,,,,,,,,,,,
2022-11-10,United States,Michigan,26031,4.52,,,,,,,,,,,,,
2022-11-11,United States,Michigan,26031,,,,,,,,,,,,,,
2022-11-12,United States,Michigan,26031,,,,,,,,,,,,,,
2022-11-13,United States,Michigan,26031,6.55,,,,,,,,,,,,,
2022-11-14,United States,Michigan,26031,5.59,,,,,,,,,,,,,
2022-11-15,United States,Michigan,26031,4.6,,,,,,,,,,,,,
2022-11-16,United States,Michigan,26031,,,,,,,,,,,,,,
2022-11-17,United States,Michigan,26031,4.62,,,,,,,,,,,,,
2022-11-18,United States,Michigan,26031,6.14,,,,,,,,,,,,,
2022-11-19,United States,Michigan,26031,5.54,,,,,,,,,,,,,
2022-11-20,United States,Michigan,26031,,,,,,,,,,,,,,
2022-11-21,United States,Michigan,26031,,,,,,,,,,,,,,
2022-11-22,United States,Michigan,26031,6.14,,,,,,,,,,,,,
2022-11-23,United States,Michigan,26031,,,,,,,,,,,,,,
2022-11-24,United States,Michigan,26031,,,,,,,,,,,,,,
2022-11-25,United States,Michigan,26031,,,,,,,,,,,,,,
2022-11-26,United States,Michigan,26031,,,,,,,,,,,,,,
2022-11-27,United States,Michigan,26031,5.78,,,,,,,,,,,,,
2022-11-28,United States,Michigan,26031,,,,,,,,,,,,,,
2022-11-29,United States,Michigan,26031,6.62,,,,,,,,,,,,,
2022-11-30,United States,Michigan,26031,,,,,,,,,,,,,,
2022-12-01,United States,Michigan,26031,,,,,,,,,,,,,,
2022-12-02,United States,Michigan,26031,,,,,,,,,,,,,,
2022-12-03,United States,Michigan,26031,,,,,,,,,,,,,,
2022-12-04,United States,Michigan,26031,,,,,,,,,,,,,,
2022-12-05,United States,Michigan,26031,5.16,,,,,,,,,,,,,
2022-12-06,United States,Michigan,26031,7.45,,,,,,,,,,,,,
2022-12-07,United States,Michigan,26031,6.49,,,,,,,,,,,,,
2022-12-08,United States,Michigan,26031,6.89,,,,,,,,,,,,,
2022-12-09,United States,Michigan,26031,,,,,,,,,,,,,,
2022-12-10,United States,Michigan,26031,,,,,,,,,,,,,,
2022-12-11,United States,Michigan,26031,,,,,,,,,,,,,,
2022-12-12,United States,Michigan,26031,7.0,,,,,,,,,,,,,
2022-12-13,United States,Michigan,26031,6.09,,,,,,,,,,,,,
2022-12-14,United States,Michigan,26031,5.84,,,,,,,,,,,,,
2022-12-15,United States,Michigan,26031,5.92,,,,,,,,,,,,,
2022-12-16,United States,Michigan,26031,,,,,,,,,,,,,,
2022-12-17,United States,Michigan,26031,,,,,,,,,,,,,,
2022-12-18,United States,Michigan,26031,10.54,,,,,,,,,,,,,
2022-12-19,United States,Michigan,26031,6.05,,,,,,,,,,,,,
2022-12-20,United States,Michigan,26031,8.22,,,,,,,,,,,,,
2022-12-21,United States,Michigan,26031,,,,,,,,,,,,,,
2022-12-22,United States,Michigan,26031,7.13,,,,,,,,,,,,,
2022-12-23,United States,Michigan,26031,5.31,,,,,,,,,,,,,
2022-12-24,United States,Michigan,26031,,,,,,,,,,,,,,
2022-12-25,United States,Michigan,26031,,,,,,,,,,,,,,
2022-12-26,United States,Michigan,26031,,,,,,,,,,,,,,
2022-12-27,United States,Michigan,26031,4.76,,,,,,,,,,,,,
2022-12-28,United States,Michigan,26031,,,,,,,,,,,,,,
2022-12-29,United States,Michigan,26031,7.39,,,,,,,,,,,,,
2022-12-30,United States,Michigan,26031,5.69,,,,,,,,,,,,,
2022-12-31,United States,Michigan,26031,5.2,,,,,,,,,,,,,
2023-01-01,United States,Michigan,26031,,,,,,,,,,,,,,
2023-01-02,United States,Michigan,26031,,,,,,,,,,,,,,
2023-01-03,United States,Michigan,26031,4.45,,,,,,,,,,,,,
2023-01-04,United States,Michigan,26031,5.65,,,,,,,,,,,,,
2023-01-05,United States,Michigan,26031,,,,,,,,,,,,,,
2023-01-06,United States,Michigan,26031,,,,,,,,,,,,,,
2023-01-07,United States,Michigan,26031,,,,,,,,,,,,,,
2023-01-08,United States,Michigan,26031,,,,,,,,,,,,,,
2023-01-09,United States,Michigan,26031,,,,,,,,,,,,,,
2023-01-10,United States,Michigan,26031,,,,,,,,,,,,,,
2023-01-11,United States,Michigan,26031,5.23,,,,,,,,,,,,,
2023-01-12,United States,Michigan,26031,,,,,,,,,,,,,,
2023-01-13,United States,Michigan,26031,,,,,,,,,,,,,,
2023-01-14,United States,Michigan,26031,6.31,,,,,,,,,,,,,
2023-01-15,United States,Michigan,26031,,,,,,,,,,,,,,
2023-01-16,United States,Michigan,26031,,,,,,,,,,,,,,
2023-01-17,United States,Michigan,26031,6.07,,,,,,,,,,,,,
2023-01-18,United States,Michigan,26031,5.97,,,,,,,,,,,,,
2023-01-19,United States,Michigan,26031,,,,,,,,,,,,,,
2023-01-20,United States,Michigan,26031,,,,,,,,,,,,,,
2023-01-21,United States,Michigan,26031,,,,,,,,,,,,,,
2023-01-22,United States,Michigan,26031,,,,,,,,,,,,,,
2023-01-23,United States,Michigan,26031,4.92,,,,,,,,,,,,,
2023-01-24,United States,Michigan,26031,,,,,,,,,,,,,,
2023-01-25,United States,Michigan,26031,4.69,,,,,,,,,,,,,
2023-01-26,United States,Michigan,26031,,,,,,,,,,,,,,
2023-01-27,United States,Michigan,26031,,,,,,,,,,,,,,
2023-01-28,United States,Michigan,26031,,,,,,,,,,,,,,
2023-01-29,United States,Michigan,26031,,,,,,,,,,,,,,
2023-01-30,United States,Michigan,26031,,,,,,,,,,,,,,
2023-01-31,United States,Michigan,26031,,,,,,,,,,,,,,
2023-02-01,United States,Michigan,26031,,,,,,,,,,,,,,
2023-02-02,United States,Michigan,26031,,,,,,,,,,,,,,
2023-02-03,United States,Michigan,26031,8.13,,,,,,,,,,,,,
2023-02-04,United States,Michigan,26031,,,,,,,,,,,,,,
2023-02-05,United States,Michigan,26031,5.87,,,,,,,,,,,,,
2023-02-06,United States,Michigan,26031,4.99,,,,,,,,,,,,,
2023-02-07,United States,Michigan,26031,,,,,,,,,,,,,,
2023-02-08,United States,Michigan,26031,,,,,,,,,,,,,,
2023-02-09,United States,Michigan,26031,,,,,,,,,,,,,,
2023-02-10,United States,Michigan,26031,,,,,,,,,,,,,,
2023-02-11,United States,Michigan,26031,,,,,,,,,,,,,,
2023-02-12,United States,Michigan,26031,,,,,,,,,,,,,,
2023-02-13,United States,Michigan,26031,,,,,,,,,,,,,,
2023-02-14,United States,Michigan,26031,,,,,,,,,,,,,,
2023-02-15,United States,Michigan,26031,4.7,,,,,,,,,,,,,
2023-02-16,United States,Michigan,26031,,,,,,,,,,,,,,
2023-02-17,United States,Michigan,26031,5.3,,,,,,,,,,,,,
2023-02-18,United States,Michigan,26031,5.26,,,,,,,,,,,,,
2023-02-19,United States,Michigan,26031,,,,,,,,,,,,,,
2023-02-20,United States,Michigan,26031,,,,,,,,,,,,,,
2023-02-21,United States,Michigan,26031,7.62,,,,,,,,,,,,,
2023-02-22,United States,Michigan,26031,,,,,,,,,,,,,,
2023-02-23,United States,Michigan,26031,,,,,,,,,,,,,,
2023-02-24,United States,Michigan,26031,,,,,,,,,,,,,,
2023-02-25,United States,Michigan,26031,,,,,,,,,,,,,,
2023-02-26,United States,Michigan,26031,,,,,,,,,,,,,,
2023-02-27,United States,Michigan,26031,,,,,,,,,,,,,,
2023-02-28,United States,Michigan,26031,,,,,,,,,,,,,,
2023-03-01,United States,Michigan,26031,,,,,,,,,,,,,,
2023-03-02,United States,Michigan,26031,,,,,,,,,,,,,,
2023-03-03,United States,Michigan,26031,,,,,,,,,,,,,,
2023-03-04,United States,Michigan,26031,,,,,,,,,,,,,,
2023-03-05,United States,Michigan,26031,,,,,,,,,,,,,,
2023-03-06,United States,Michigan,26031,,,,,,,,,,,,,,
2023-03-07,United States,Michigan,26031,,,,,,,,,,,,,,
2023-03-08,United States,Michigan,26031,,,,,,,,,,,,,,
2023-03-09,United States,Michigan,26031,4.69,,,,,,,,,,,,,
2023-03-10,United States,Michigan,26031,4.38,,,,,,,,,,,,,
2023-03-11,United States,Michigan,26031,,,,,,,,,,,,,,
2023-03-12,United States,Michigan,26031,,,,,,,,,,,,,,
2023-03-13,United States,Michigan,26031,8.28,,,,,,,,,,,,,
2023-03-14,United States,Michigan,26031,,,,,,,,,,,,,,
2023-03-15,United States,Michigan,26031,,,,,,,,,,,,,,
2023-03-16,United States,Michigan,26031,5.41,,,,,,,,,,,,,
2023-03-17,United States,Michigan,26031,,,,,,,,,,,,,,
2023-03-18,United States,Michigan,26031,,,,,,,,,,,,,,
2023-03-19,United States,Michigan,26031,,,,,,,,,,,,,,
2023-03-20,United States,Michigan,26031,,,,,,,,,,,,,,
2023-03-21,United States,Michigan,26031,,,,,,,,,,,,,,
2023-03-22,United States,Michigan,26031,,,,,,,,,,,,,,
2023-03-23,United States,Michigan,26031,,,,,,,,,,,,,,
2023-03-24,United States,Michigan,26031,,,,,,,,,,,,,,
2023-03-25,United States,Michigan,26031,,,,,,,,,,,,,,
2023-03-26,United States,Michigan,26031,,,,,,,,,,,,,,
2023-03-27,United States,Michigan,26031,,,,,,,,,,,,,,
2023-03-28,United States,Michigan,26031,,,,,,,,,,,,,,
2023-03-29,United States,Michigan,26031,,,,,,,,,,,,,,
2023-03-30,United States,Michigan,26031,,,,,,,,,,,,,,
2023-03-31,United States,Michigan,26031,5.93,,,,,,,,,,,,,
2023-04-01,United States,Michigan,26031,,,,,,,,,,,,,,
2023-04-02,United States,Michigan,26031,,,,,,,,,,,,,,
2023-04-03,United States,Michigan,26031,,,,,,,,,,,,,,
2023-04-04,United States,Michigan,26031,,,,,,,,,,,,,,
2023-04-05,United States,Michigan,26031,,,,,,,,,,,,,,
2023-04-06,United States,Michigan,26031,,,,,,,,,,,,,,
2023-04-07,United States,Michigan,26031,,,,,,,,,,,,,,
2023-04-08,United States,Michigan,26031,,,,,,,,,,,,,,
2023-04-09,United States,Michigan,26031,,,,,,,,,,,,,,
2023-04-10,United States,Michigan,26031,,,,,,,,,,,,,,
2023-04-11,United States,Michigan,26031,,,,,,,,,,,,,,
2023-04-12,United States,Michigan,26031,,,,,,,,,,,,,,
2023-04-13,United States,Michigan,26031,,,,,,,,,,,,,,
2023-04-14,United States,Michigan,26031,,,,,,,,,,,,,,
2023-04-15,United States,Michigan,26031,,,,,,,,,,,,,,
2023-04-16,United States,Michigan,26031,,,,,,,,,,,,,,
2023-04-17,United States,Michigan,26031,4.57,,,,,,,,,,,,,
2023-04-18,United States,Michigan,26031,,,,,,,,,,,,,,
2023-04-19,United States,Michigan,26031,,,,,,,,,,,,,,
2023-04-20,United States,Michigan,26031,,,,,,,,,,,,,,
2023-04-21,United States,Michigan,26031,,,,,,,,,,,,,,
2023-04-22,United States,Michigan,26031,5.04,,,,,,,,,,,,,
2023-04-23,United States,Michigan,26031,,,,,,,,,,,,,,
2023-04-24,United States,Michigan,26031,4.85,,,,,,,,,,,,,
2023-04-25,United States,Michigan,26031,,,,,,,,,,,,,,
2023-04-26,United States,Michigan,26031,,,,,,,,,,,,,,
2023-04-27,United States,Michigan,26031,,,,,,,,,,,,,,
2023-04-28,United States,Michigan,26031,,,,,,,,,,,,,,
2023-04-29,United States,Michigan,26031,,,,,,,,,,,,,,
2023-04-30,United States,Michigan,26031,,,,,,,,,,,,,,
2023-05-01,United States,Michigan,26031,,,,,,,,,,,,,,
2023-05-02,United States,Michigan,26031,,,,,,,,,,,,,,
2023-05-03,United States,Michigan,26031,,,,,,,,,,,,,,
2023-05-04,United States,Michigan,26031,,,,,,,,,,,,,,
2023-05-05,United States,Michigan,26031,,,,,,,,,,,,,,
2023-05-06,United States,Michigan,26031,,,,,,,,,,,,,,
2023-05-07,United States,Michigan,26031,,,,,,,,,,,,,,
2023-05-08,United States,Michigan,26031,,,,,,,,,,,,,,
2023-05-09,United States,Michigan,26031,6.06,,,,,,,,,,,,,
2023-05-10,United States,Michigan,26031,,,,,,,,,,,,,,
2023-05-11,United States,Michigan,26031,,,,,,,,,,,,,,
2023-05-12,United States,Michigan,26031,,,,,,,,,,,,,,
2023-05-13,United States,Michigan,26031,,,,,,,,,,,,,,
2023-05-14,United States,Michigan,26031,,,,,,,,,,,,,,
2023-05-15,United States,Michigan,26031,10.4,,,,,,,,,,,,,
2023-05-16,United States,Michigan,26031,,,,,,,,,,,,,,
2023-05-17,United States,Michigan,26031,,,,,,,,,,,,,,
2023-05-18,United States,Michigan,26031,,,,,,,,,,,,,,
2023-05-19,United States,Michigan,26031,,,,,,,,,,,,,,
2023-05-20,United States,Michigan,26031,,,,,,,,,,,,,,
2023-05-21,United States,Michigan,26031,,,,,,,,,,,,,,
2023-05-22,United States,Michigan,26031,,,,,,,,,,,,,,
2023-05-23,United States,Michigan,26031,,,,,,,,,,,,,,
2023-05-24,United States,Michigan,26031,,,,,,,,,,,,,,
2023-05-25,United States,Michigan,26031,,,,,,,,,,,,,,
2023-05-26,United States,Michigan,26031,,,,,,,,,,,,,,
2023-05-27,United States,Michigan,26031,,,,,,,,,,,,,,
2023-05-28,United States,Michigan,26031,,,,,,,,,,,,,,
2023-05-29,United States,Michigan,26031,,,,,,,,,,,,,,
2023-05-30,United States,Michigan,26031,,,,,,,,,,,,,,
2023-05-31,United States,Michigan,26031,,,,,,,,,,,,,,
2023-06-01,United States,Michigan,26031,,,,,,,,,,,,,,
2023-06-02,United States,Michigan,26031,,,,,,,,,,,,,,
2023-06-03,United States,Michigan,26031,,,,,,,,,,,,,,
2023-06-04,United States,Michigan,26031,,,,,,,,,,,,,,
2023-06-05,United States,Michigan,26031,,,,,,,,,,,,,,
2023-06-06,United States,Michigan,26031,,,,,,,,,,,,,,
2023-06-07,United States,Michigan,26031,,,,,,,,,,,,,,
2023-06-08,United States,Michigan,26031,,,,,,,,,,,,,,
2023-06-09,United States,Michigan,26031,,,,,,,,,,,,,,
2023-06-10,United States,Michigan,26031,,,,,,,,,,,,,,
2023-06-11,United States,Michigan,26031,,,,,,,,,,,,,,
2023-06-12,United States,Michigan,26031,,,,,,,,,,,,,,
2023-06-13,United States,Michigan,26031,,,,,,,,,,,,,,
2023-06-14,United States,Michigan,26031,,,,,,,,,,,,,,
2023-06-15,United States,Michigan,26031,,,,,,,,,,,,,,
2023-06-16,United States,Michigan,26031,,,,,,,,,,,,,,
2023-06-17,United States,Michigan,26031,,,,,,,,,,,,,,
2023-06-18,United States,Michigan,26031,,,,,,,,,,,,,,
2023-06-19,United States,Michigan,26031,,,,,,,,,,,,,,
2023-06-20,United States,Michigan,26031,,,,,,,,,,,,,,
2023-06-21,United States,Michigan,26031,,,,,,,,,,,,,,
2023-06-22,United States,Michigan,26031,,,,,,,,,,,,,,
2023-06-23,United States,Michigan,26031,,,,,,,,,,,,,,
2023-06-24,United States,Michigan,26031,,,,,,,,,,,,,,
2023-06-25,United States,Michigan,26031,,,,,,,,,,,,,,
2023-06-26,United States,Michigan,26031,,,,,,,,,,,,,,
2023-06-27,United States,Michigan,26031,5.89,,,,,,,,,,,,,
2023-06-28,United States,Michigan,26031,,,,,,,,,,,,,,
2023-06-29,United States,Michigan,26031,,,,,,,,,,,,,,
2023-06-30,United States,Michigan,26031,,,,,,,,,,,,,,
2023-07-01,United States,Michigan,26031,3.14,,,,,,,,,,,,,
2023-07-02,United States,Michigan,26031,,,,,,,,,,,,,,
2023-07-03,United States,Michigan,26031,,,,,,,,,,,,,,
2023-07-04,United States,Michigan,26031,,,,,,,,,,,,,,
2023-07-05,United States,Michigan,26031,2.87,,,,,,,,,,,,,
2023-07-06,United States,Michigan,26031,3.33,,,,,,,,,,,,,
2023-07-07,United States,Michigan,26031,,,,,,,,,,,,,,
2023-07-08,United States,Michigan,26031,3.19,,,,,,,,,,,,,
2023-07-09,United States,Michigan,26031,,,,,,,,,,,,,,
2023-07-10,United States,Michigan,26031,,,,,,,,,,,,,,
2023-07-11,United States,Michigan,26031,4.07,,,,,,,,,,,,,
2023-07-12,United States,Michigan,26031,,,,,,,,,,,,,,
2023-07-13,United States,Michigan,26031,,,,,,,,,,,,,,
2023-07-14,United States,Michigan,26031,4.38,,,,,,,,,,,,,
2023-07-15,United States,Michigan,26031,,,,,,,,,,,,,,
2023-07-16,United States,Michigan,26031,3.42,,,,,,,,,,,,,
2023-07-17,United States,Michigan,26031,3.89,,,,,,,,,,,,,
2023-07-18,United States,Michigan,26031,,,,,,,,,,,,,,
2023-07-19,United States,Michigan,26031,4.41,,,,,,,,,,,,,
2023-07-20,United States,Michigan,26031,,,,,,,,,,,,,,
2023-07-21,United States,Michigan,26031,,,,,,,,,,,,,,
2023-07-22,United States,Michigan,26031,,,,,,,,,,,,,,
2023-07-23,United States,Michigan,26031,,,,,,,,,,,,,,
2023-07-24,United States,Michigan,26031,3.04,,,,,,,,,,,,,
2023-07-25,United States,Michigan,26031,,,,,,,,,,,,,,
2023-07-26,United States,Michigan,26031,,,,,,,,,,,,,,
2023-07-27,United States,Michigan,26031,4.2,,,,,,,,,,,,,
2023-07-28,United States,Michigan,26031,3.78,,,,,,,,,,,,,
2023-07-29,United States,Michigan,26031,3.38,,,,,,,,,,,,,
2023-07-30,United States,Michigan,26031,4.06,,,,,,,,,,,,,
2023-07-31,United States,Michigan,26031,,,,,,,,,,,,,,
2023-08-01,United States,Michigan,26031,3.84,,,,,,,,,,,,,
2023-08-02,United States,Michigan,26031,3.9,,,,,,,,,,,,,
2023-08-03,United States,Michigan,26031,,,,,,,,,,,,,,
2023-08-04,United States,Michigan,26031,,,,,,,,,,,,,,
2023-08-05,United States,Michigan,26031,,,,,,,,,,,,,,
2023-08-06,United States,Michigan,26031,4.07,,,,,,,,,,,,,
2023-08-07,United States,Michigan,26031,,,,,,,,,,,,,,
2023-08-08,United States,Michigan,26031,3.37,,,,,,,,,,,,,
2023-08-09,United States,Michigan,26031,,,,,,,,,,,,,,
2023-08-10,United States,Michigan,26031,3.58,,,,,,,,,,,,,
2023-08-11,United States,Michigan,26031,,,,,,,,,,,,,,
2023-08-12,United States,Michigan,26031,,,,,,,,,,,,,,
2023-08-13,United States,Michigan,26031,,,,,,,,,,,,,,
2023-08-14,United States,Michigan,26031,,,,,,,,,,,,,,
2023-08-15,United States,Michigan,26031,,,,,,,,,,,,,,
2023-08-16,United States,Michigan,26031,,,,,,,,,,,,,,
2023-08-17,United States,Michigan,26031,3.28,,,,,,,,,,,,,
2023-08-18,United States,Michigan,26031,3.26,,,,,,,,,,,,,
2023-08-19,United States,Michigan,26031,,,,,,,,,,,,,,
2023-08-20,United States,Michigan,26031,4.47,,,,,,,,,,,,,
2023-08-21,United States,Michigan,26031,,,,,,,,,,,,,,
2023-08-22,United States,Michigan,26031,,,,,,,,,,,,,,
2023-08-23,United States,Michigan,26031,,,,,,,,,,,,,,
2023-08-24,United States,Michigan,26031,,,,,,,,,,,,,,
2023-08-25,United States,Michigan,26031,,,,,,,,,,,,,,
2023-08-26,United States,Michigan,26031,,,,,,,,,,,,,,
2023-08-27,United States,Michigan,26031,,,,,,,,,,,,,,
2023-08-28,United States,Michigan,26031,,,,,,,,,,,,,,
2023-08-29,United States,Michigan,26031,,,,,,,,,,,,,,
2023-08-30,United States,Michigan,26031,,,,,,,,,,,,,,
2023-08-31,United States,Michigan,26031,,,,,,,,,,,,,,
2023-09-01,United States,Michigan,26031,,,,,,,,,,,,,,
2023-09-02,United States,Michigan,26031,,,,,,,,,,,,,,
2023-09-03,United States,Michigan,26031,2.8,,,,,,,,,,,,,
2023-09-04,United States,Michigan,26031,,,,,,,,,,,,,,
2023-09-05,United States,Michigan,26031,,,,,,,,,,,,,,
2023-09-06,United States,Michigan,26031,,,,,,,,,,,,,,
2023-09-07,United States,Michigan,26031,,,,,,,,,,,,,,
2023-09-08,United States,Michigan,26031,3.77,,,,,,,,,,,,,
2023-09-09,United States,Michigan,26031,,,,,,,,,,,,,,
2023-09-10,United States,Michigan,26031,,,,,,,,,,,,,,
2023-09-11,United States,Michigan,26031,,,,,,,,,,,,,,
2023-09-12,United States,Michigan,26031,,,,,,,,,,,,,,
2023-09-13,United States,Michigan,26031,,,,,,,,,,,,,,
2023-09-14,United States,Michigan,26031,,,,,,,,,,,,,,
2023-09-15,United States,Michigan,26031,4.27,,,,,,,,,,,,,
2023-09-16,United States,Michigan,26031,4.99,,,,,,,,,,,,,
2023-09-17,United States,Michigan,26031,4.42,,,,,,,,,,,,,
2023-09-18,United States,Michigan,26031,,,,,,,,,,,,,,
2023-09-19,United States,Michigan,26031,,,,,,,,,,,,,,
2023-09-20,United States,Michigan,26031,,,,,,,,,,,,,,
2023-09-21,United States,Michigan,26031,,,,,,,,,,,,,,
2023-09-22,United States,Michigan,26031,,,,,,,,,,,,,,
2023-09-23,United States,Michigan,26031,,,,,,,,,,,,,,
2023-09-24,United States,Michigan,26031,6.46,,,,,,,,,,,,,
2023-09-25,United States,Michigan,26031,,,,,,,,,,,,,,
2023-09-26,United States,Michigan,26031,4.6,,,,,,,,,,,,,
2023-09-27,United States,Michigan,26031,,,,,,,,,,,,,,
2023-09-28,United States,Michigan,26031,,,,,,,,,,,,,,
2023-09-29,United States,Michigan,26031,,,,,,,,,,,,,,
2023-09-30,United States,Michigan,26031,4.25,,,,,,,,,,,,,
2023-10-01,United States,Michigan,26031,,,,,,,,,,,,,,
2023-10-02,United States,Michigan,26031,,,,,,,,,,,,,,
2023-10-03,United States,Michigan,26031,,,,,,,,,,,,,,
2023-10-04,United States,Michigan,26031,,,,,,,,,,,,,,
2023-10-05,United States,Michigan,26031,,,,,,,,,,,,,,
2023-10-06,United States,Michigan,26031,,,,,,,,,,,,,,
2023-10-07,United States,Michigan,26031,,,,,,,,,,,,,,
2023-10-08,United States,Michigan,26031,,,,,,,,,,,,,,
2023-10-09,United States,Michigan,26031,,,,,,,,,,,,,,
2023-10-10,United States,Michigan,26031,,,,,,,,,,,,,,
2023-10-11,United States,Michigan,26031,,,,,,,,,,,,,,
2023-10-12,United States,Michigan,26031,,,,,,,,,,,,,,
2023-10-13,United States,Michigan,26031,,,,,,,,,,,,,,
2023-10-14,United States,Michigan,26031,,,,,,,,,,,,,,
2023-10-15,United States,Michigan,26031,,,,,,,,,,,,,,
2023-10-16,United States,Michigan,26031,6.19,,,,,,,,,,,,,
2023-10-17,United States,Michigan,26031,,,,,,,,,,,,,,
2023-10-18,United States,Michigan,26031,,,,,,,,,,,,,,
2023-10-19,United States,Michigan,26031,,,,,,,,,,,,,,
2023-10-20,United States,Michigan,26031,,,,,,,,,,,,,,
2023-10-21,United States,Michigan,26031,,,,,,,,,,,,,,
2023-10-22,United States,Michigan,26031,,,,,,,,,,,,,,
2023-10-23,United States,Michigan,26031,,,,,,,,,,,,,,
2023-10-24,United States,Michigan,26031,,,,,,,,,,,,,,
2023-10-25,United States,Michigan,26031,,,,,,,,,,,,,,
2023-10-26,United States,Michigan,26031,4.93,,,,,,,,,,,,,
2023-10-27,United States,Michigan,26031,,,,,,,,,,,,,,
2023-10-28,United States,Michigan,26031,,,,,,,,,,,,,,
2023-10-29,United States,Michigan,26031,,,,,,,,,,,,,,
2023-10-30,United States,Michigan,26031,,,,,,,,,,,,,,
2023-10-31,United States,Michigan,26031,,,,,,,,,,,,,,
2023-11-01,United States,Michigan,26031,5.9,,,,,,,,,,,,,
2023-11-02,United States,Michigan,26031,,,,,,,,,,,,,,
2023-11-03,United States,Michigan,26031,,,,,,,,,,,,,,
2023-11-04,United States,Michigan,26031,6.68,,,,,,,,,,,,,
2023-11-05,United States,Michigan,26031,,,,,,,,,,,,,,
2023-11-06,United States,Michigan,26031,,,,,,,,,,,,,,
2023-11-07,United States,Michigan,26031,,,,,,,,,,,,,,
2023-11-08,United States,Michigan,26031,,,,,,,,,,,,,,
2023-11-09,United States,Michigan,26031,,,,,,,,,,,,,,
2023-11-10,United States,Michigan,26031,,,,,,,,,,,,,,
2023-11-11,United States,Michigan,26031,,,,,,,,,,,,,,
2023-11-12,United States,Michigan,26031,,,,,,,,,,,,,,
2023-11-13,United States,Michigan,26031,,,,,,,,,,,,,,
2023-11-14,United States,Michigan,26031,,,,,,,,,,,,,,
2023-11-15,United States,Michigan,26031,,,,,,,,,,,,,,
2023-11-16,United States,Michigan,26031,,,,,,,,,,,,,,
2023-11-17,United States,Michigan,26031,,,,,,,,,,,,,,
2023-11-18,United States,Michigan,26031,,,,,,,,,,,,,,
2023-11-19,United States,Michigan,26031,,,,,,,,,,,,,,
2023-11-20,United States,Michigan,26031,5.83,,,,,,,,,,,,,
2023-11-21,United States,Michigan,26031,,,,,,,,,,,,,,
2023-11-22,United States,Michigan,26031,10.31,,,,,,,,,,,,,
2023-11-23,United States,Michigan,26031,,,,,,,,,,,,,,
2023-11-24,United States,Michigan,26031,,,,,,,,,,,,,,
2023-11-25,United States,Michigan,26031,,,,,,,,,,,,,,
2023-11-26,United States,Michigan,26031,,,,,,,,,,,,,,
2023-11-27,United States,Michigan,26031,6.38,,,,,,,,,,,,,
2023-11-28,United States,Michigan,26031,,,,,,,,,,,,,,
2023-11-29,United States,Michigan,26031,,,,,,,,,,,,,,
2023-11-30,United States,Michigan,26031,,,,,,,,,,,,,,
2023-12-01,United States,Michigan,26031,6.8,,,,,,,,,,,,,
2023-12-02,United States,Michigan,26031,,,,,,,,,,,,,,
2023-12-03,United States,Michigan,26031,,,,,,,,,,,,,,
2023-12-04,United States,Michigan,26031,,,,,,,,,,,,,,
2023-12-05,United States,Michigan,26031,,,,,,,,,,,,,,
2023-12-06,United States,Michigan,26031,,,,,,,,,,,,,,
2023-12-07,United States,Michigan,26031,,,,,,,,,,,,,,
2023-12-08,United States,Michigan,26031,,,,,,,,,,,,,,
2023-12-09,United States,Michigan,26031,,,,,,,,,,,,,,
2023-12-10,United States,Michigan,26031,6.5,,,,,,,,,,,,,
2023-12-11,United States,Michigan,26031,,,,,,,,,,,,,,
2023-12-12,United States,Michigan,26031,,,,,,,,,,,,,,
2023-12-13,United States,Michigan,26031,,,,,,,,,,,,,,
2023-12-14,United States,Michigan,26031,,,,,,,,,,,,,,
2023-12-15,United States,Michigan,26031,,,,,,,,,,,,,,
2023-12-16,United States,Michigan,26031,,,,,,,,,,,,,,
2023-12-17,United States,Michigan,26031,6.45,,,,,,,,,,,,,
2023-12-18,United States,Michigan,26031,,,,,,,,,,,,,,
2023-12-19,United States,Michigan,26031,,,,,,,,,,,,,,
2023-12-20,United States,Michigan,26031,,,,,,,,,,,,,,
2023-12-21,United States,Michigan,26031,,,,,,,,,,,,,,
2023-12-22,United States,Michigan,26031,7.31,,,,,,,,,,,,,
2023-12-23,United States,Michigan,26031,,,,,,,,,,,,,,
2023-12-24,United States,Michigan,26031,7.4,,,,,,,,,,,,,
2023-12-25,United States,Michigan,26031,,,,,,,,,,,,,,
2023-12-26,United States,Michigan,26031,6.73,,,,,,,,,,,,,
2023-12-27,United States,Michigan,26031,,,,,,,,,,,,,,
2023-12-28,United States,Michigan,26031,7.92,,,,,,,,,,,,,
2023-12-29,United States,Michigan,26031,6.73,,,,,,,,,,,,,
2023-12-30,United States,Michigan,26031,,,,,,,,,,,,,,
2023-12-31,United States,Michigan,26031,,,,,,,,,,,,,,
2024-01-01,United States,Michigan,26031,10.74,,,,,,,,,,,,,
2024-01-02,United States,Michigan,26031,5.24,,,,,,,,,,,,,
2024-01-03,United States,Michigan,26031,,,,,,,,,,,,,,
2024-01-04,United States,Michigan,26031,,,,,,,,,,,,,,
2024-01-05,United States,Michigan,26031,,,,,,,,,,,,,,
2024-01-06,United States,Michigan,26031,,,,,,,,,,,,,,
2024-01-07,United States,Michigan,26031,,,,,,,,,,,,,,
2024-01-08,United States,Michigan,26031,,,,,,,,,,,,,,
2024-01-09,United States,Michigan,26031,,,,,,,,,,,,,,
2024-01-10,United States,Michigan,26031,,,,,,,,,,,,,,
2024-01-11,United States,Michigan,26031,,,,,,,,,,,,,,
2024-01-12,United States,Michigan,26031,,,,,,,,,,,,,,
2024-01-13,United States,Michigan,26031,,,,,,,,,,,,,,
2024-01-14,United States,Michigan,26031,,,,,,,,,,,,,,
2024-01-15,United States,Michigan,26031,,,,,,,,,,,,,,
2024-01-16,United States,Michigan,26031,,,,,,,,,,,,,,
2024-01-17,United States,Michigan,26031,,,,,,,,,,,,,,
2024-01-18,United States,Michigan,26031,,,,,,,,,,,,,,
2024-01-19,United States,Michigan,26031,,,,,,,,,,,,,,
2024-01-20,United States,Michigan,26031,,,,,,,,,,,,,,
2024-01-21,United States,Michigan,26031,,,,,,,,,,,,,,
2024-01-22,United States,Michigan,26031,,,,,,,,,,,,,,
2024-01-23,United States,Michigan,26031,,,,,,,,,,,,,,
2024-01-24,United States,Michigan,26031,5.67,,,,,,,,,,,,,
2024-01-25,United States,Michigan,26031,,,,,,,,,,,,,,
2024-01-26,United States,Michigan,26031,,,,,,,,,,,,,,
2024-01-27,United States,Michigan,26031,,,,,,,,,,,,,,
2024-01-28,United States,Michigan,26031,,,,,,,,,,,,,,
2024-01-29,United States,Michigan,26031,7.53,,,,,,,,,,,,,
2024-01-30,United States,Michigan,26031,,,,,,,,,,,,,,
2024-01-31,United States,Michigan,26031,5.71,,,,,,,,,,,,,
2024-02-01,United States,Michigan,26031,8.33,,,,,,,,,,,,,
2024-02-02,United States,Michigan,26031,6.07,,,,,,,,,,,,,
2024-02-03,United States,Michigan,26031,,,,,,,,,,,,,,
2024-02-04,United States,Michigan,26031,,,,,,,,,,,,,,
2024-02-05,United States,Michigan,26031,5.7,,,,,,,,,,,,,
2024-02-06,United States,Michigan,26031,8.94,,,,,,,,,,,,,
2024-02-07,United States,Michigan,26031,5.78,,,,,,,,,,,,,
2024-02-08,United States,Michigan,26031,,,,,,,,,,,,,,
2024-02-09,United States,Michigan,26031,6.04,,,,,,,,,,,,,
2024-02-10,United States,Michigan,26031,,,,,,,,,,,,,,
2024-02-11,United States,Michigan,26031,6.79,,,,,,,,,,,,,
2024-02-12,United States,Michigan,26031,,,,,,,,,,,,,,
2024-02-13,United States,Michigan,26031,,,,,,,,,,,,,,
2024-02-14,United States,Michigan,26031,,,,,,,,,,,,,,
2024-02-15,United States,Michigan,26031,5.75,,,,,,,,,,,,,
2024-02-16,United States,Michigan,26031,,,,,,,,,,,,,,
2024-02-17,United States,Michigan,26031,,,,,,,,,,,,,,
2024-02-18,United States,Michigan,26031,,,,,,,,,,,,,,
2024-02-19,United States,Michigan,26031,,,,,,,,,,,,,,
2024-02-20,United States,Michigan,26031,,,,,,,,,,,,,,
2024-02-21,United States,Michigan,26031,,,,,,,,,,,,,,
2024-02-22,United States,Michigan,26031,,,,,,,,,,,,,,
2024-02-23,United States,Michigan,26031,,,,,,,,,,,,,,
2024-02-24,United States,Michigan,26031,,,,,,,,,,,,,,
2024-02-25,United States,Michigan,26031,,,,,,,,,,,,,,
2024-02-26,United States,Michigan,26031,,,,,,,,,,,,,,
2024-02-27,United States,Michigan,26031,6.97,,,,,,,,,,,,,
2024-02-28,United States,Michigan,26031,7.21,,,,,,,,,,,,,
2024-02-29,United States,Michigan,26031,,,,,,,,,,,,,,
2024-03-01,United States,Michigan,26031,6.14,,,,,,,,,,,,,
2024-03-02,United States,Michigan,26031,,,,,,,,,,,,,,
2024-03-03,United States,Michigan,26031,,,,,,,,,,,,,,
2024-03-04,United States,Michigan,26031,7.46,,,,,,,,,,,,,
2024-03-05,United States,Michigan,26031,5.56,,,,,,,,,,,,,
2024-03-06,United States,Michigan,26031,,,,,,,,,,,,,,
2024-03-07,United States,Michigan,26031,7.52,,,,,,,,,,,,,
2024-03-08,United States,Michigan,26031,,,,,,,,,,,,,,
2024-03-09,United States,Michigan,26031,,,,,,,,,,,,,,
2024-03-10,United States,Michigan,26031,6.73,,,,,,,,,,,,,
2024-03-11,United States,Michigan,26031,6.44,,,,,,,,,,,,,
2024-03-12,United States,Michigan,26031,6.23,,,,,,,,,,,,,
2024-03-13,United States,Michigan,26031,6.55,,,,,,,,,,,,,
2024-03-14,United States,Michigan,26031,6.87,,,,,,,,,,,,,
2024-03-15,United States,Michigan,26031,,,,,,,,,,,,,,
2024-03-16,United States,Michigan,26031,,,,,,,,,,,,,,
2024-03-17,United States,Michigan,26031,,,,,,,,,,,,,,
2024-03-18,United States,Michigan,26031,,,,,,,,,,,,,,
2024-03-19,United States,Michigan,26031,,,,,,,,,,,,,,
2024-03-20,United States,Michigan,26031,,,,,,,,,,,,,,
2024-03-21,United States,Michigan,26031,,,,,,,,,,,,,,
2024-03-22,United States,Michigan,26031,,,,,,,,,,,,,,
2024-03-23,United States,Michigan,26031,,,,,,,,,,,,,,
2024-03-24,United States,Michigan,26031,,,,,,,,,,,,,,
2024-03-25,United States,Michigan,26031,,,,,,,,,,,,,,
2024-03-26,United States,Michigan,26031,,,,,,,,,,,,,,
2024-03-27,United States,Michigan,26031,,,,,,,,,,,,,,
2024-03-28,United States,Michigan,26031,,,,,,,,,,,,,,
2024-03-29,United States,Michigan,26031,,,,,,,,,,,,,,
2024-03-30,United States,Michigan,26031,,,,,,,,,,,,,,
2024-03-31,United States,Michigan,26031,,,,,,,,,,,,,,
2024-04-01,United States,Michigan,26031,,,,,,,,,,,,,,
2024-04-02,United States,Michigan,26031,,,,,,,,,,,,,,
2024-04-03,United States,Michigan,26031,,,,,,,,,,,,,,
2024-04-04,United States,Michigan,26031,,,,,,,,,,,,,,
2024-04-05,United States,Michigan,26031,6.28,,,,,,,,,,,,,
2024-04-06,United States,Michigan,26031,6.42,,,,,,,,,,,,,
2024-04-07,United States,Michigan,26031,,,,,,,,,,,,,,
2024-04-08,United States,Michigan,26031,,,,,,,,,,,,,,
2024-04-09,United States,Michigan,26031,,,,,,,,,,,,,,
2024-04-10,United States,Michigan,26031,,,,,,,,,,,,,,
2024-04-11,United States,Michigan,26031,,,,,,,,,,,,,,
2024-04-12,United States,Michigan,26031,8.58,,,,,,,,,,,,,
2024-04-13,United States,Michigan,26031,,,,,,,,,,,,,,
2024-04-14,United States,Michigan,26031,,,,,,,,,,,,,,
2024-04-15,United States,Michigan,26031,,,,,,,,,,,,,,
2024-04-16,United States,Michigan,26031,,,,,,,,,,,,,,
2024-04-17,United States,Michigan,26031,,,,,,,,,,,,,,
2024-04-18,United States,Michigan,26031,,,,,,,,,,,,,,
2024-04-19,United States,Michigan,26031,,,,,,,,,,,,,,
2024-04-20,United States,Michigan,26031,,,,,,,,,,,,,,
2024-04-21,United States,Michigan,26031,,,,,,,,,,,,,,
2024-04-22,United States,Michigan,26031,,,,,,,,,,,,,,
2024-04-23,United States,Michigan,26031,,,,,,,,,,,,,,
2024-04-24,United States,Michigan,26031,,,,,,,,,,,,,,
2024-04-25,United States,Michigan,26031,,,,,,,,,,,,,,
2024-04-26,United States,Michigan,26031,,,,,,,,,,,,,,
2024-04-27,United States,Michigan,26031,,,,,,,,,,,,,,
2024-04-28,United States,Michigan,26031,6.73,,,,,,,,,,,,,
2024-04-29,United States,Michigan,26031,,,,,,,,,,,,,,
2024-04-30,United States,Michigan,26031,,,,,,,,,,,,,,
2024-05-01,United States,Michigan,26031,,,,,,,,,,,,,,
2024-05-02,United States,Michigan,26031,,,,,,,,,,,,,,
2024-05-03,United States,Michigan,26031,,,,,,,,,,,,,,
2024-05-04,United States,Michigan,26031,,,,,,,,,,,,,,
2024-05-05,United States,Michigan,26031,,,,,,,,,,,,,,
2024-05-06,United States,Michigan,26031,,,,,,,,,,,,,,
2024-05-07,United States,Michigan,26031,,,,,,,,,,,,,,
2024-05-08,United States,Michigan,26031,5.64,,,,,,,,,,,,,
2024-05-09,United States,Michigan,26031,,,,,,,,,,,,,,
2024-05-10,United States,Michigan,26031,,,,,,,,,,,,,,
2024-05-11,United States,Michigan,26031,,,,,,,,,,,,,,
2024-05-12,United States,Michigan,26031,,,,,,,,,,,,,,
2024-05-13,United States,Michigan,26031,,,,,,,,,,,,,,
2024-05-14,United States,Michigan,26031,,,,,,,,,,,,,,
2024-05-15,United States,Michigan,26031,,,,,,,,,,,,,,
2024-05-16,United States,Michigan,26031,,,,,,,,,,,,,,
2024-05-17,United States,Michigan,26031,,,,,,,,,,,,,,
2024-05-18,United States,Michigan,26031,,,,,,,,,,,,,,
2024-05-19,United States,Michigan,26031,,,,,,,,,,,,,,
2024-05-20,United States,Michigan,26031,,,,,,,,,,,,,,
2024-05-21,United States,Michigan,26031,,,,,,,,,,,,,,
2024-05-22,United States,Michigan,26031,,,,,,,,,,,,,,
2024-05-23,United States,Michigan,26031,,,,,,,,,,,,,,
2024-05-24,United States,Michigan,26031,,,,,,,,,,,,,,
2024-05-25,United States,Michigan,26031,,,,,,,,,,,,,,
2024-05-26,United States,Michigan,26031,,,,,,,,,,,,,,
2024-05-27,United States,Michigan,26031,,,,,,,,,,,,,,
2024-05-28,United States,Michigan,26031,,,,,,,,,,,,,,
2024-05-29,United States,Michigan,26031,,,,,,,,,,,,,,
2024-05-30,United States,Michigan,26031,,,,,,,,,,,,,,
2024-05-31,United States,Michigan,26031,,,,,,,,,,,,,,
2024-06-01,United States,Michigan,26031,,,,,,,,,,,,,,
2024-06-02,United States,Michigan,26031,,,,,,,,,,,,,,
2024-06-03,United States,Michigan,26031,,,,,,,,,,,,,,
2024-06-04,United States,Michigan,26031,,,,,,,,,,,,,,
2024-06-05,United States,Michigan,26031,,,,,,,,,,,,,,
2024-06-06,United States,Michigan,26031,,,,,,,,,,,,,,
2024-06-07,United States,Michigan,26031,,,,,,,,,,,,,,
2024-06-08,United States,Michigan,26031,,,,,,,,,,,,,,
2024-06-09,United States,Michigan,26031,,,,,,,,,,,,,,
2024-06-10,United States,Michigan,26031,,,,,,,,,,,,,,
2024-06-11,United States,Michigan,26031,,,,,,,,,,,,,,
2024-06-12,United States,Michigan,26031,,,,,,,,,,,,,,
2024-06-13,United States,Michigan,26031,,,,,,,,,,,,,,
2024-06-14,United States,Michigan,26031,,,,,,,,,,,,,,
2024-06-15,United States,Michigan,26031,,,,,,,,,,,,,,
2024-06-16,United States,Michigan,26031,,,,,,,,,,,,,,
2024-06-17,United States,Michigan,26031,,,,,,,,,,,,,,
2024-06-18,United States,Michigan,26031,,,,,,,,,,,,,,
2024-06-19,United States,Michigan,26031,,,,,,,,,,,,,,
2024-06-20,United States,Michigan,26031,,,,,,,,,,,,,,
2024-06-21,United States,Michigan,26031,,,,,,,,,,,,,,
2024-06-22,United States,Michigan,26031,,,,,,,,,,,,,,
2024-06-23,United States,Michigan,26031,3.6,,,,,,,,,,,,,
2024-06-24,United States,Michigan,26031,,,,,,,,,,,,,,
2024-06-25,United States,Michigan,26031,,,,,,,,,,,,,,
2024-06-26,United States,Michigan,26031,,,,,,,,,,,,,,
2024-06-27,United States,Michigan,26031,,,,,,,,,,,,,,
2024-06-28,United States,Michigan,26031,,,,,,,,,,,,,,
2024-06-29,United States,Michigan,26031,,,,,,,,,,,,,,
2024-06-30,United States,Michigan,26031,,,,,,,,,,,,,,
2024-07-01,United States,Michigan,26031,,,,,,,,,,,,,,
2024-07-02,United States,Michigan,26031,,,,,,,,,,,,,,
2024-07-03,United States,Michigan,26031,2.83,,,,,,,,,,,,,
2024-07-04,United States,Michigan,26031,,,,,,,,,,,,,,
2024-07-05,United States,Michigan,26031,2.6,,,,,,,,,,,,,
2024-07-06,United States,Michigan,26031,3.17,,,,,,,,,,,,,
2024-07-07,United States,Michigan,26031,,,,,,,,,,,,,,
2024-07-08,United States,Michigan,26031,,,,,,,,,,,,,,
2024-07-09,United States,Michigan,26031,,,,,,,,,,,,,,
2024-07-10,United States,Michigan,26031,,,,,,,,,,,,,,
2024-07-11,United States,Michigan,26031,,,,,,,,,,,,,,
2024-07-12,United States,Michigan,26031,,,,,,,,,,,,,,
2024-07-13,United States,Michigan,26031,,,,,,,,,,,,,,
2024-07-14,United States,Michigan,26031,,,,,,,,,,,,,,
2024-07-15,United States,Michigan,26031,,,,,,,,,,,,,,
2024-07-16,United States,Michigan,26031,,,,,,,,,,,,,,
2024-07-17,United States,Michigan,26031,,,,,,,,,,,,,,
2024-07-18,United States,Michigan,26031,3.98,,,,,,,,,,,,,
2024-07-19,United States,Michigan,26031,,,,,,,,,,,,,,
2024-07-20,United States,Michigan,26031,3.47,,,,,,,,,,,,,
2024-07-21,United States,Michigan,26031,,,,,,,,,,,,,,
2024-07-22,United States,Michigan,26031,,,,,,,,,,,,,,
2024-07-23,United States,Michigan,26031,3.53,,,,,,,,,,,,,
2024-07-24,United States,Michigan,26031,,,,,,,,,,,,,,
2024-07-25,United States,Michigan,26031,,,,,,,,,,,,,,
2024-07-26,United States,Michigan,26031,,,,,,,,,,,,,,
2024-07-27,United States,Michigan,26031,,,,,,,,,,,,,,
2024-07-28,United States,Michigan,26031,,,,,,,,,,,,,,
2024-07-29,United States,Michigan,26031,,,,,,,,,,,,,,
2024-07-30,United States,Michigan,26031,5.05,,,,,,,,,,,,,
2024-07-31,United States,Michigan,26031,,,,,,,,,,,,,,
2024-08-01,United States,Michigan,26031,,,,,,,,,,,,,,
2024-08-02,United States,Michigan,26031,,,,,,,,,,,,,,
2024-08-03,United States,Michigan,26031,,,,,,,,,,,,,,
2024-08-04,United States,Michigan,26031,3.45,,,,,,,,,,,,,
2024-08-05,United States,Michigan,26031,,,,,,,,,,,,,,
2024-08-06,United States,Michigan,26031,3.81,,,,,,,,,,,,,
2024-08-07,United States,Michigan,26031,,,,,,,,,,,,,,
2024-08-08,United States,Michigan,26031,,,,,,,,,,,,,,
2024-08-09,United States,Michigan,26031,,,,,,,,,,,,,,
2024-08-10,United States,Michigan,26031,,,,,,,,,,,,,,
2024-08-11,United States,Michigan,26031,3.39,,,,,,,,,,,,,
2024-08-12,United States,Michigan,26031,,,,,,,,,,,,,,
2024-08-13,United States,Michigan,26031,3.88,,,,,,,,,,,,,
2024-08-14,United States,Michigan,26031,,,,,,,,,,,,,,
2024-08-15,United States,Michigan,26031,,,,,,,,,,,,,,
2024-08-16,United States,Michigan,26031,4.6,,,,,,,,,,,,,
2024-08-17,United States,Michigan,26031,,,,,,,,,,,,,,
2024-08-18,United States,Michigan,26031,,,,,,,,,,,,,,
2024-08-19,United States,Michigan,26031,,,,,,,,,,,,,,
2024-08-20,United States,Michigan,26031,,,,,,,,,,,,,,
2024-08-21,United States,Michigan,26031,,,,,,,,,,,,,,
2024-08-22,United States,Michigan,26031,,,,,,,,,,,,,,
2024-08-23,United States,Michigan,26031,,,,,,,,,,,,,,
2024-08-24,United States,Michigan,26031,,,,,,,,,,,,,,
2024-08-25,United States,Michigan,26031,3.58,,,,,,,,,,,,,
2024-08-26,United States,Michigan,26031,4.64,,,,,,,,,,,,,
2024-08-27,United States,Michigan,26031,5.79,,,,,,,,,,,,,
2024-08-28,United States,Michigan,26031,,,,,,,,,,,,,,
2024-08-29,United States,Michigan,26031,,,,,,,,,,,,,,
2024-08-30,United States,Michigan,26031,,,,,,,,,,,,,,
2024-08-31,United States,Michigan,26031,,,,,,,,,,,,,,
2024-09-01,United States,Michigan,26031,2.55,,,,,,,,,,,,,
2024-09-02,United States,Michigan,26031,,,,,,,,,,,,,,
2024-09-03,United States,Michigan,26031,3.32,,,,,,,,,,,,,
2024-09-04,United States,Michigan,26031,3.88,,,,,,,,,,,,,
2024-09-05,United States,Michigan,26031,,,,,,,,,,,,,,
2024-09-06,United States,Michigan,26031,3.22,,,,,,,,,,,,,
2024-09-07,United States,Michigan,26031,,,,,,,,,,,,,,
2024-09-08,United States,Michigan,26031,4.24,,,,,,,,,,,,,
2024-09-09,United States,Michigan,26031,3.58,,,,,,,,,,,,,
2024-09-10,United States,Michigan,26031,,,,,,,,,,,,,,
2024-09-11,United States,Michigan,26031,3.94,,,,,,,,,,,,,
2024-09-12,United States,Michigan,26031,,,,,,,,,,,,,,
2024-09-13,United States,Michigan,26031,,,,,,,,,,,,,,
2024-09-14,United States,Michigan,26031,4.36,,,,,,,,,,,,,
2024-09-15,United States,Michigan,26031,,,,,,,,,,,,,,
2024-09-16,United States,Michigan,26031,,,,,,,,,,,,,,
2024-09-17,United States,Michigan,26031,,,,,,,,,,,,,,
2024-09-18,United States,Michigan,26031,,,,,,,,,,,,,,
2024-09-19,United States,Michigan,26031,3.78,,,,,,,,,,,,,
2024-09-20,United States,Michigan,26031,,,,,,,,,,,,,,
2024-09-21,United States,Michigan,26031,,,,,,,,,,,,,,
2024-09-22,United States,Michigan,26031,3.49,,,,,,,,,,,,,
2024-09-23,United States,Michigan,26031,,,,,,,,,,,,,,
2024-09-24,United States,Michigan,26031,,,,,,,,,,,,,,
2024-09-25,United States,Michigan,26031,4.08,,,,,,,,,,,,,
2024-09-26,United States,Michigan,26031,3.67,,,,,,,,,,,,,
2024-09-27,United States,Michigan,26031,,,,,,,,,,,,,,
2024-09-28,United States,Michigan,26031,,,,,,,,,,,,,,
2024-09-29,United States,Michigan,26031,,,,,,,,,,,,,,
2024-09-30,United States,Michigan,26031,,,,,,,,,,,,,,
2024-10-01,United States,Michigan,26031,,,,,,,,,,,,,,
2024-10-02,United States,Michigan,26031,,,,,,,,,,,,,,
2024-10-03,United States,Michigan,26031,,,,,,,,,,,,,,
2024-10-04,United States,Michigan,26031,,,,,,,,,,,,,,
2024-10-05,United States,Michigan,26031,,,,,,,,,,,,,,
2024-10-06,United States,Michigan,26031,,,,,,,,,,,,,,
2024-10-07,United States,Michigan,26031,,,,,,,,,,,,,,
2024-10-08,United States,Michigan,26031,4.61,,,,,,,,,,,,,
2024-10-09,United States,Michigan,26031,,,,,,,,,,,,,,
2024-10-10,United States,Michigan,26031,,,,,,,,,,,,,,
2024-10-11,United States,Michigan,26031,3.91,,,,,,,,,,,,,
2024-10-12,United States,Michigan,26031,,,,,,,,,,,,,,
2024-10-13,United States,Michigan,26031,,,,,,,,,,,,,,
